Time,Source IP,Destination IP,Protocol,Action,Rule
2025-12-15 19:19:26.103033,192.168.180.131,172.217.24.131,TCP,ALLOW,Allow HTTP
2025-12-15 19:19:26.107554,192.168.180.131,172.217.24.131,TCP,ALLOW,Allow HTTP
2025-12-15 19:19:26.166233,192.168.180.131,172.217.24.131,TCP,ALLOW,Allow HTTP
2025-12-15 19:19:26.167844,192.168.180.131,172.217.24.131,TCP,ALLOW,Allow HTTP
2025-12-15 19:19:26.173222,192.168.180.131,172.217.24.131,TCP,ALLOW,Allow HTTP
2025-12-15 19:19:26.173806,192.168.180.131,172.217.24.131,TCP,ALLOW,Allow HTTP
2025-12-15 19:19:26.270880,192.168.180.131,172.217.24.131,TCP,ALLOW,Allow HTTP
2025-12-15 19:19:26.417906,192.168.180.131,172.217.24.131,TCP,ALLOW,Allow HTTP
2025-12-15 19:19:26.802742,192.168.180.131,172.217.24.131,TCP,ALLOW,Allow HTTP
2025-12-15 19:19:26.867053,192.168.180.131,172.217.24.131,TCP,ALLOW,Allow HTTP
2025-12-15 19:19:26.867357,192.168.180.131,172.217.24.131,TCP,ALLOW,Allow HTTP
2025-12-15 19:19:27.052178,192.168.180.131,34.107.221.82,TCP,ALLOW,Allow HTTP
2025-12-15 19:19:27.082385,192.168.180.131,34.107.221.82,TCP,ALLOW,Allow HTTP
2025-12-15 19:19:27.082685,192.168.180.131,34.107.221.82,TCP,ALLOW,Allow HTTP
2025-12-15 19:19:27.115294,192.168.180.131,34.107.221.82,TCP,ALLOW,Allow HTTP
2025-12-15 19:19:27.120968,192.168.180.131,172.217.24.131,TCP,ALLOW,Allow HTTP
2025-12-15 19:19:36.298923,192.168.180.131,172.217.24.131,TCP,ALLOW,Allow HTTP
2025-12-15 19:19:36.419108,192.168.180.131,172.217.24.131,TCP,ALLOW,Allow HTTP
2025-12-15 19:19:37.123147,192.168.180.131,172.217.24.131,TCP,ALLOW,Allow HTTP
2025-12-15 19:19:37.323064,192.168.180.131,172.217.24.131,TCP,ALLOW,Allow HTTP
2025-12-15 19:19:37.323378,192.168.180.131,34.107.221.82,TCP,ALLOW,Allow HTTP
2025-12-15 19:19:37.451411,192.168.180.131,172.217.24.131,TCP,ALLOW,Allow HTTP
2025-12-15 19:19:38.154776,192.168.180.131,172.217.24.131,TCP,ALLOW,Allow HTTP
2025-12-15 19:19:38.346742,192.168.180.131,34.107.221.82,TCP,ALLOW,Allow HTTP
2025-12-15 19:19:51.162242,192.168.180.131,172.217.24.131,TCP,ALLOW,Allow HTTP
2025-12-15 19:19:51.162639,192.168.180.131,172.217.24.131,TCP,ALLOW,Allow HTTP
2025-12-15 19:19:51.929857,192.168.180.131,172.217.24.131,TCP,ALLOW,Allow HTTP
2025-12-15 19:19:52.186323,192.168.180.131,34.107.221.82,TCP,ALLOW,Allow HTTP
2025-12-15 19:19:53.322180,192.168.180.131,172.217.24.131,TCP,ALLOW,Allow HTTP
2025-12-15 19:19:53.389907,192.168.180.131,172.217.24.131,TCP,ALLOW,Allow HTTP
2025-12-15 19:19:53.390231,192.168.180.131,172.217.24.131,TCP,ALLOW,Allow HTTP
2025-12-15 19:19:53.487563,192.168.180.131,172.217.24.131,TCP,ALLOW,Allow HTTP
2025-12-15 19:19:54.123228,192.168.180.131,172.217.24.131,TCP,ALLOW,Allow HTTP
2025-12-15 19:19:54.163288,192.168.180.131,172.217.24.131,TCP,ALLOW,Allow HTTP
2025-12-15 19:19:54.222934,192.168.180.131,172.217.24.131,TCP,ALLOW,Allow HTTP
2025-12-15 19:19:54.262192,192.168.180.131,172.217.24.131,TCP,ALLOW,Allow HTTP
2025-12-15 19:19:54.721357,192.168.180.131,172.217.24.131,TCP,ALLOW,Allow HTTP
2025-12-15 19:19:54.821279,192.168.180.131,172.217.24.131,TCP,ALLOW,Allow HTTP
2025-12-15 19:19:55.213578,192.168.180.131,172.217.24.131,TCP,ALLOW,Allow HTTP
2025-12-15 19:19:55.313459,192.168.180.131,172.217.24.131,TCP,ALLOW,Allow HTTP
2025-12-15 19:19:55.684834,192.168.180.131,172.217.24.131,TCP,ALLOW,Allow HTTP
2025-12-15 19:19:55.784467,192.168.180.131,172.217.24.131,TCP,ALLOW,Allow HTTP
2025-12-15 19:19:55.907282,192.168.180.131,172.217.24.131,TCP,ALLOW,Allow HTTP
2025-12-15 19:19:55.974192,192.168.180.131,172.217.24.131,TCP,ALLOW,Allow HTTP
2025-12-15 19:19:55.986816,192.168.180.131,172.217.24.131,TCP,ALLOW,Allow HTTP
2025-12-15 19:19:56.007826,192.168.180.131,172.217.24.131,TCP,ALLOW,Allow HTTP
2025-12-15 19:19:56.008416,192.168.180.131,172.217.24.131,TCP,ALLOW,Allow HTTP
2025-12-15 19:19:56.017910,192.168.180.131,172.217.24.131,TCP,ALLOW,Allow HTTP
2025-12-15 19:19:56.044700,192.168.180.131,172.217.24.131,TCP,ALLOW,Allow HTTP
2025-12-15 19:19:56.051894,192.168.180.131,172.217.24.131,TCP,ALLOW,Allow HTTP
2025-12-15 19:19:56.052252,192.168.180.131,172.217.24.131,TCP,ALLOW,Allow HTTP
2025-12-15 19:19:56.086522,192.168.180.131,172.217.24.131,TCP,ALLOW,Allow HTTP
2025-12-15 19:19:56.087138,192.168.180.131,172.217.24.131,TCP,ALLOW,Allow HTTP
2025-12-15 19:19:56.090574,192.168.180.131,172.217.24.131,TCP,ALLOW,Allow HTTP
2025-12-15 19:19:56.126841,192.168.180.131,172.217.24.131,TCP,ALLOW,Allow HTTP
2025-12-15 19:19:56.145494,192.168.180.131,172.217.24.131,TCP,ALLOW,Allow HTTP
2025-12-15 19:19:56.153115,192.168.180.131,172.217.24.131,TCP,ALLOW,Allow HTTP
2025-12-15 19:19:56.201825,192.168.180.131,172.217.24.131,TCP,ALLOW,Allow HTTP
2025-12-15 19:19:56.278021,192.168.180.131,172.217.24.131,TCP,ALLOW,Allow HTTP
2025-12-15 19:19:56.393934,192.168.180.131,172.217.24.131,TCP,ALLOW,Allow HTTP
2025-12-15 19:19:56.398715,192.168.180.131,172.217.24.131,TCP,ALLOW,Allow HTTP
2025-12-15 19:19:56.492321,192.168.180.131,172.217.24.131,TCP,ALLOW,Allow HTTP
2025-12-15 19:19:56.547105,192.168.180.131,172.217.24.131,TCP,ALLOW,Allow HTTP
2025-12-15 19:19:56.569374,192.168.180.131,172.217.24.131,TCP,ALLOW,Allow HTTP
2025-12-15 19:19:56.617881,192.168.180.131,172.217.24.131,TCP,ALLOW,Allow HTTP
2025-12-15 19:19:56.653393,192.168.180.131,172.217.24.131,TCP,ALLOW,Allow HTTP
2025-12-15 19:19:56.669132,192.168.180.131,172.217.24.131,TCP,ALLOW,Allow HTTP
2025-12-15 19:19:56.748584,192.168.180.131,172.217.24.131,TCP,ALLOW,Allow HTTP
2025-12-15 19:19:57.630887,192.168.180.131,172.217.24.131,TCP,ALLOW,Allow HTTP
2025-12-15 19:19:57.726050,192.168.180.131,172.217.24.131,TCP,ALLOW,Allow HTTP
2025-12-15 19:19:57.875965,192.168.180.131,172.217.24.131,TCP,ALLOW,Allow HTTP
2025-12-15 19:19:57.877422,192.168.180.131,172.217.24.131,TCP,ALLOW,Allow HTTP
2025-12-15 19:19:57.949187,192.168.180.131,172.217.24.131,TCP,ALLOW,Allow HTTP
2025-12-15 19:19:57.974030,192.168.180.131,172.217.24.131,TCP,ALLOW,Allow HTTP
2025-12-15 19:19:57.974297,192.168.180.131,172.217.24.131,TCP,ALLOW,Allow HTTP
2025-12-15 19:19:58.057588,192.168.180.131,172.217.24.131,TCP,ALLOW,Allow HTTP
2025-12-15 19:19:58.540922,192.168.180.131,172.217.24.131,TCP,ALLOW,Allow HTTP
2025-12-15 19:19:58.638112,192.168.180.131,172.217.24.131,TCP,ALLOW,Allow HTTP
2025-12-15 19:19:59.020478,192.168.180.131,172.217.24.131,TCP,ALLOW,Allow HTTP
2025-12-15 19:19:59.117990,192.168.180.131,172.217.24.131,TCP,ALLOW,Allow HTTP
2025-12-15 19:20:00.369696,192.168.180.131,172.217.24.131,TCP,ALLOW,Allow HTTP
2025-12-15 19:20:00.384923,192.168.180.131,172.217.24.131,TCP,ALLOW,Allow HTTP
2025-12-15 19:20:00.495101,192.168.180.131,172.217.24.131,TCP,ALLOW,Allow HTTP
2025-12-15 19:20:00.500182,192.168.180.131,172.217.24.131,TCP,ALLOW,Allow HTTP
2025-12-15 19:20:00.809683,192.168.180.131,172.217.24.131,TCP,ALLOW,Allow HTTP
2025-12-15 19:20:00.831897,192.168.180.131,172.217.24.131,TCP,ALLOW,Allow HTTP
2025-12-15 19:20:00.925739,192.168.180.131,172.217.24.131,TCP,ALLOW,Allow HTTP
2025-12-15 19:20:00.942665,192.168.180.131,172.217.24.131,TCP,ALLOW,Allow HTTP
2025-12-15 19:20:01.138376,192.168.180.131,172.217.24.131,TCP,ALLOW,Allow HTTP
2025-12-15 19:20:01.160532,192.168.180.131,172.217.24.131,TCP,ALLOW,Allow HTTP
2025-12-15 19:20:01.230087,192.168.180.131,172.217.24.131,TCP,ALLOW,Allow HTTP
2025-12-15 19:20:01.251193,192.168.180.131,172.217.24.131,TCP,ALLOW,Allow HTTP
2025-12-15 19:20:01.277866,192.168.180.131,172.217.24.131,TCP,ALLOW,Allow HTTP
2025-12-15 19:20:01.347058,192.168.180.131,172.217.24.131,TCP,ALLOW,Allow HTTP
2025-12-15 19:20:01.771111,192.168.180.131,172.217.24.131,TCP,ALLOW,Allow HTTP
2025-12-15 19:20:01.865633,192.168.180.131,172.217.24.131,TCP,ALLOW,Allow HTTP
2025-12-15 19:20:02.170072,192.168.180.131,172.217.24.131,TCP,ALLOW,Allow HTTP
2025-12-15 19:20:02.426907,192.168.180.131,34.107.221.82,TCP,ALLOW,Allow HTTP
2025-12-15 19:20:03.489984,192.168.180.131,172.217.24.131,TCP,ALLOW,Allow HTTP
2025-12-15 19:20:04.505917,192.168.180.131,172.217.24.131,TCP,ALLOW,Allow HTTP
2025-12-15 19:20:06.265954,192.168.180.131,172.217.24.131,TCP,ALLOW,Allow HTTP
2025-12-15 19:20:07.290008,192.168.180.131,172.217.24.131,TCP,ALLOW,Allow HTTP
2025-12-15 19:20:11.386000,192.168.180.131,172.217.24.131,TCP,ALLOW,Allow HTTP
2025-12-15 19:20:11.386429,192.168.180.131,172.217.24.131,TCP,ALLOW,Allow HTTP
2025-12-15 19:20:11.386755,192.168.180.131,172.217.24.131,TCP,ALLOW,Allow HTTP
2025-12-15 19:20:12.431119,192.168.180.131,172.217.24.131,TCP,ALLOW,Allow HTTP
2025-12-15 19:20:12.431456,192.168.180.131,172.217.24.131,TCP,ALLOW,Allow HTTP
2025-12-15 19:20:12.431742,192.168.180.131,172.217.24.131,TCP,ALLOW,Allow HTTP
2025-12-15 19:20:12.432030,192.168.180.131,172.217.24.131,TCP,ALLOW,Allow HTTP
2025-12-15 19:20:12.665744,192.168.180.131,34.107.221.82,TCP,ALLOW,Allow HTTP
2025-12-15 19:20:14.713920,192.168.180.131,172.217.24.131,TCP,ALLOW,Allow HTTP
2025-12-15 19:20:17.530134,192.168.180.131,172.217.24.131,TCP,ALLOW,Allow HTTP
2025-12-15 19:20:26.041670,192.168.180.131,172.217.24.131,TCP,ALLOW,Allow HTTP
2025-12-15 19:20:26.042040,192.168.180.131,172.217.24.131,TCP,ALLOW,Allow HTTP
2025-12-15 19:20:26.042330,192.168.180.131,172.217.24.131,TCP,ALLOW,Allow HTTP
2025-12-15 19:20:26.042601,192.168.180.131,172.217.24.131,TCP,ALLOW,Allow HTTP
2025-12-15 19:20:26.297813,192.168.180.131,34.107.221.82,TCP,ALLOW,Allow HTTP
2025-12-15 19:20:28.345908,192.168.180.131,172.217.24.131,TCP,ALLOW,Allow HTTP
2025-12-15 19:20:31.161607,192.168.180.131,172.217.24.131,TCP,ALLOW,Allow HTTP
2025-12-15 19:20:36.281980,192.168.180.131,172.217.24.131,TCP,ALLOW,Allow HTTP
2025-12-15 19:20:36.282372,192.168.180.131,172.217.24.131,TCP,ALLOW,Allow HTTP
2025-12-15 19:20:36.282694,192.168.180.131,172.217.24.131,TCP,ALLOW,Allow HTTP
2025-12-15 19:20:36.282982,192.168.180.131,172.217.24.131,TCP,ALLOW,Allow HTTP
2025-12-15 19:20:36.538505,192.168.180.131,34.107.221.82,TCP,ALLOW,Allow HTTP
2025-12-15 19:20:38.585622,192.168.180.131,172.217.24.131,TCP,ALLOW,Allow HTTP
2025-12-15 19:20:41.401683,192.168.180.131,172.217.24.131,TCP,ALLOW,Allow HTTP
2025-12-15 19:20:46.521901,192.168.180.131,172.217.24.131,TCP,ALLOW,Allow HTTP
2025-12-15 19:20:46.522469,192.168.180.131,172.217.24.131,TCP,ALLOW,Allow HTTP
2025-12-15 19:20:46.522772,192.168.180.131,172.217.24.131,TCP,ALLOW,Allow HTTP
2025-12-15 19:20:46.523065,192.168.180.131,172.217.24.131,TCP,ALLOW,Allow HTTP
2025-12-15 19:20:46.777446,192.168.180.131,34.107.221.82,TCP,ALLOW,Allow HTTP
2025-12-15 19:20:48.825604,192.168.180.131,172.217.24.131,TCP,ALLOW,Allow HTTP
2025-12-15 19:20:51.641904,192.168.180.131,172.217.24.131,TCP,ALLOW,Allow HTTP
2025-12-15 19:21:00.185647,192.168.180.131,172.217.24.131,TCP,ALLOW,Allow HTTP
2025-12-15 19:21:00.186055,192.168.180.131,172.217.24.131,TCP,ALLOW,Allow HTTP
2025-12-15 19:21:00.186332,192.168.180.131,172.217.24.131,TCP,ALLOW,Allow HTTP
2025-12-15 19:21:00.186604,192.168.180.131,172.217.24.131,TCP,ALLOW,Allow HTTP
2025-12-15 19:21:00.441064,192.168.180.131,34.107.221.82,TCP,ALLOW,Allow HTTP
2025-12-15 19:21:02.489361,192.168.180.131,172.217.24.131,TCP,ALLOW,Allow HTTP
2025-12-15 19:21:05.305259,192.168.180.131,172.217.24.131,TCP,ALLOW,Allow HTTP
2025-12-15 19:21:10.426482,192.168.180.131,172.217.24.131,TCP,ALLOW,Allow HTTP
2025-12-15 19:21:10.426909,192.168.180.131,172.217.24.131,TCP,ALLOW,Allow HTTP
2025-12-15 19:21:10.427171,192.168.180.131,172.217.24.131,TCP,ALLOW,Allow HTTP
2025-12-15 19:21:10.427439,192.168.180.131,172.217.24.131,TCP,ALLOW,Allow HTTP
2025-12-15 19:21:10.681550,192.168.180.131,34.107.221.82,TCP,ALLOW,Allow HTTP
2025-12-15 19:21:12.729233,192.168.180.131,172.217.24.131,TCP,ALLOW,Allow HTTP
2025-12-15 19:21:15.545657,192.168.180.131,172.217.24.131,TCP,ALLOW,Allow HTTP
2025-12-15 19:21:20.665283,192.168.180.131,172.217.24.131,TCP,ALLOW,Allow HTTP
2025-12-15 19:21:20.665699,192.168.180.131,172.217.24.131,TCP,ALLOW,Allow HTTP
2025-12-15 19:21:20.666045,192.168.180.131,172.217.24.131,TCP,ALLOW,Allow HTTP
2025-12-15 19:21:20.666320,192.168.180.131,172.217.24.131,TCP,ALLOW,Allow HTTP
2025-12-15 19:21:20.921430,192.168.180.131,34.107.221.82,TCP,ALLOW,Allow HTTP
2025-12-15 19:21:22.969197,192.168.180.131,172.217.24.131,TCP,ALLOW,Allow HTTP
2025-12-15 19:21:25.785453,192.168.180.131,172.217.24.131,TCP,ALLOW,Allow HTTP
2025-12-15 19:40:26.615478,10.202.197.88,34.107.221.82,TCP,BLOCK,Block HTTP Traffic
2025-12-15 19:40:26.864596,10.202.197.88,34.107.221.82,TCP,BLOCK,Block HTTP Traffic
2025-12-15 19:40:26.892050,10.202.197.88,34.107.221.82,TCP,BLOCK,Block HTTP Traffic
2025-12-15 19:40:26.895017,10.202.197.88,34.107.221.82,TCP,BLOCK,Block HTTP Traffic
2025-12-15 19:40:27.224306,10.202.197.88,34.107.221.82,TCP,BLOCK,Block HTTP Traffic
2025-12-15 19:40:27.228137,10.202.197.88,34.107.221.82,TCP,BLOCK,Block HTTP Traffic
2025-12-15 19:40:27.548379,10.202.197.88,34.107.221.82,TCP,BLOCK,Block HTTP Traffic
2025-12-15 19:40:32.971866,10.202.197.88,34.107.221.82,TCP,BLOCK,Block HTTP Traffic
2025-12-15 19:40:33.340131,10.202.197.88,34.107.221.82,TCP,BLOCK,Block HTTP Traffic
2025-12-15 19:40:37.228381,10.202.197.88,34.107.221.82,TCP,BLOCK,Block HTTP Traffic
2025-12-15 19:40:44.342663,10.202.197.88,142.251.43.163,TCP,BLOCK,Block HTTP Traffic
2025-12-15 19:40:44.500218,10.202.197.88,142.251.43.163,TCP,BLOCK,Block HTTP Traffic
2025-12-15 19:40:44.503620,10.202.197.88,142.251.43.163,TCP,BLOCK,Block HTTP Traffic
2025-12-15 19:40:44.841563,10.202.197.88,142.251.43.163,TCP,BLOCK,Block HTTP Traffic
2025-12-15 19:40:47.852339,10.202.197.88,34.107.221.82,TCP,BLOCK,Block HTTP Traffic
2025-12-15 19:40:49.090719,10.202.197.88,142.251.43.163,TCP,BLOCK,Block HTTP Traffic
2025-12-15 19:40:49.212081,10.202.197.88,142.251.43.163,TCP,BLOCK,Block HTTP Traffic
2025-12-15 19:40:49.214557,10.202.197.88,142.251.43.163,TCP,BLOCK,Block HTTP Traffic
2025-12-15 19:40:49.417945,10.202.197.88,142.251.43.163,TCP,BLOCK,Block HTTP Traffic
2025-12-15 19:40:50.344439,10.202.197.88,142.251.43.163,TCP,BLOCK,Block HTTP Traffic
2025-12-15 19:40:50.544119,10.202.197.88,142.251.43.163,TCP,BLOCK,Block HTTP Traffic
2025-12-15 19:40:51.391981,10.202.197.88,142.251.43.163,TCP,BLOCK,Block HTTP Traffic
2025-12-15 19:40:51.545605,10.202.197.88,142.251.43.163,TCP,BLOCK,Block HTTP Traffic
2025-12-15 19:40:51.553148,10.202.197.88,142.251.43.163,TCP,BLOCK,Block HTTP Traffic
2025-12-15 19:40:51.556418,10.202.197.88,142.251.43.163,TCP,BLOCK,Block HTTP Traffic
2025-12-15 19:40:51.608790,10.202.197.88,142.251.43.163,TCP,BLOCK,Block HTTP Traffic
2025-12-15 19:40:51.652853,10.202.197.88,142.251.43.163,TCP,BLOCK,Block HTTP Traffic
2025-12-15 19:40:51.664488,10.202.197.88,142.251.43.163,TCP,BLOCK,Block HTTP Traffic
2025-12-15 19:40:51.667726,10.202.197.88,142.251.43.163,TCP,BLOCK,Block HTTP Traffic
2025-12-15 19:40:51.684703,10.202.197.88,142.251.43.163,TCP,BLOCK,Block HTTP Traffic
2025-12-15 19:40:51.689694,10.202.197.88,142.251.43.163,TCP,BLOCK,Block HTTP Traffic
2025-12-15 19:40:51.700222,10.202.197.88,142.251.43.163,TCP,BLOCK,Block HTTP Traffic
2025-12-15 19:40:51.712562,10.202.197.88,142.251.43.163,TCP,BLOCK,Block HTTP Traffic
2025-12-15 19:40:51.715795,10.202.197.88,142.251.43.163,TCP,BLOCK,Block HTTP Traffic
2025-12-15 19:40:51.744996,10.202.197.88,142.251.43.163,TCP,BLOCK,Block HTTP Traffic
2025-12-15 19:40:51.778547,10.202.197.88,142.251.43.163,TCP,BLOCK,Block HTTP Traffic
2025-12-15 19:40:51.808950,10.202.197.88,142.251.43.163,TCP,BLOCK,Block HTTP Traffic
2025-12-15 19:40:51.812928,10.202.197.88,142.251.43.163,TCP,BLOCK,Block HTTP Traffic
2025-12-15 19:40:51.820831,10.202.197.88,142.251.43.163,TCP,BLOCK,Block HTTP Traffic
2025-12-15 19:40:51.896373,10.202.197.88,142.251.43.163,TCP,BLOCK,Block HTTP Traffic
2025-12-15 19:40:51.912144,10.202.197.88,142.251.43.163,TCP,BLOCK,Block HTTP Traffic
2025-12-15 19:40:51.916276,10.202.197.88,142.251.43.163,TCP,BLOCK,Block HTTP Traffic
2025-12-15 19:40:51.919813,10.202.197.88,142.251.43.163,TCP,BLOCK,Block HTTP Traffic
2025-12-15 19:40:51.922152,10.202.197.88,142.251.43.163,TCP,BLOCK,Block HTTP Traffic
2025-12-15 19:40:51.924880,10.202.197.88,142.251.43.163,TCP,BLOCK,Block HTTP Traffic
2025-12-15 19:40:51.928744,10.202.197.88,142.251.43.163,TCP,BLOCK,Block HTTP Traffic
2025-12-15 19:40:52.064208,10.202.197.88,142.251.43.163,TCP,BLOCK,Block HTTP Traffic
2025-12-15 19:40:52.069255,10.202.197.88,142.251.43.163,TCP,BLOCK,Block HTTP Traffic
2025-12-15 19:40:52.120882,10.202.197.88,142.251.43.163,TCP,BLOCK,Block HTTP Traffic
2025-12-15 19:40:52.128666,10.202.197.88,142.251.43.163,TCP,BLOCK,Block HTTP Traffic
2025-12-15 19:40:52.158071,10.202.197.88,142.251.43.163,TCP,BLOCK,Block HTTP Traffic
2025-12-15 19:40:52.164990,10.202.197.88,142.251.43.163,TCP,BLOCK,Block HTTP Traffic
2025-12-15 19:40:52.171989,10.202.197.88,142.251.43.163,TCP,BLOCK,Block HTTP Traffic
2025-12-15 19:40:52.176952,10.202.197.88,142.251.43.163,TCP,BLOCK,Block HTTP Traffic
2025-12-15 19:40:52.356059,10.202.197.88,142.251.43.163,TCP,BLOCK,Block HTTP Traffic
2025-12-15 19:40:52.400060,10.202.197.88,142.251.43.163,TCP,BLOCK,Block HTTP Traffic
2025-12-15 19:40:52.405146,10.202.197.88,142.251.43.163,TCP,BLOCK,Block HTTP Traffic
2025-12-15 19:40:52.428278,10.202.197.88,142.251.43.163,TCP,BLOCK,Block HTTP Traffic
2025-12-15 19:40:52.436642,10.202.197.88,142.251.43.163,TCP,BLOCK,Block HTTP Traffic
2025-12-15 19:40:52.448187,10.202.197.88,142.251.43.163,TCP,BLOCK,Block HTTP Traffic
2025-12-15 19:40:52.570765,10.202.197.88,142.251.43.163,TCP,BLOCK,Block HTTP Traffic
2025-12-15 19:40:54.030985,10.202.197.88,142.251.43.163,TCP,BLOCK,Block HTTP Traffic
2025-12-15 19:40:54.140461,10.202.197.88,142.251.43.163,TCP,BLOCK,Block HTTP Traffic
2025-12-15 19:40:54.148874,10.202.197.88,142.251.43.163,TCP,BLOCK,Block HTTP Traffic
2025-12-15 19:40:54.269712,10.202.197.88,142.251.43.163,TCP,BLOCK,Block HTTP Traffic
2025-12-15 19:40:54.610460,10.202.197.88,142.251.43.163,TCP,BLOCK,Block HTTP Traffic
2025-12-15 19:40:54.669814,10.202.197.88,142.251.43.163,TCP,BLOCK,Block HTTP Traffic
2025-12-15 19:40:54.703581,10.202.197.88,142.251.43.163,TCP,BLOCK,Block HTTP Traffic
2025-12-15 19:40:54.729117,10.202.197.88,142.251.43.163,TCP,BLOCK,Block HTTP Traffic
2025-12-15 19:40:54.746935,10.202.197.88,142.251.43.163,TCP,BLOCK,Block HTTP Traffic
2025-12-15 19:40:54.827141,10.202.197.88,142.251.43.163,TCP,BLOCK,Block HTTP Traffic
2025-12-15 19:40:54.831699,10.202.197.88,142.251.43.163,TCP,BLOCK,Block HTTP Traffic
2025-12-15 19:40:54.859112,10.202.197.88,142.251.43.163,TCP,BLOCK,Block HTTP Traffic
2025-12-15 19:40:54.862671,10.202.197.88,142.251.43.163,TCP,BLOCK,Block HTTP Traffic
2025-12-15 19:40:55.545629,10.202.197.88,142.251.43.163,TCP,BLOCK,Block HTTP Traffic
2025-12-15 19:40:55.616398,10.202.197.88,142.251.43.163,TCP,BLOCK,Block HTTP Traffic
2025-12-15 19:40:55.739504,10.202.197.88,142.251.43.163,TCP,BLOCK,Block HTTP Traffic
2025-12-15 19:40:55.746261,10.202.197.88,142.251.43.163,TCP,BLOCK,Block HTTP Traffic
2025-12-15 19:40:58.092289,10.202.197.88,34.107.221.82,TCP,BLOCK,Block HTTP Traffic
2025-12-15 19:41:02.412264,10.202.197.88,142.251.43.163,TCP,BLOCK,Block HTTP Traffic
2025-12-15 19:41:05.004223,10.202.197.88,142.251.43.163,TCP,BLOCK,Block HTTP Traffic
2025-12-15 19:41:05.006917,10.202.197.88,142.251.43.163,TCP,BLOCK,Block HTTP Traffic
2025-12-15 19:41:05.009310,10.202.197.88,142.251.43.163,TCP,BLOCK,Block HTTP Traffic
2025-12-15 19:41:05.772430,10.202.197.88,142.251.43.163,TCP,BLOCK,Block HTTP Traffic
2025-12-15 19:41:05.775034,10.202.197.88,142.251.43.163,TCP,BLOCK,Block HTTP Traffic
2025-12-15 19:41:08.332132,10.202.197.88,34.107.221.82,TCP,BLOCK,Block HTTP Traffic
2025-12-15 19:41:12.684146,10.202.197.88,142.251.43.163,TCP,BLOCK,Block HTTP Traffic
2025-12-15 19:41:15.244178,10.202.197.88,142.251.43.163,TCP,BLOCK,Block HTTP Traffic
2025-12-15 19:41:15.248089,10.202.197.88,142.251.43.163,TCP,BLOCK,Block HTTP Traffic
2025-12-15 19:41:15.251834,10.202.197.88,142.251.43.163,TCP,BLOCK,Block HTTP Traffic
2025-12-15 19:41:16.268031,10.202.197.88,142.251.43.163,TCP,BLOCK,Block HTTP Traffic
2025-12-15 19:41:16.270501,10.202.197.88,142.251.43.163,TCP,BLOCK,Block HTTP Traffic
2025-12-15 19:41:18.573037,10.202.197.88,34.107.221.82,TCP,BLOCK,Block HTTP Traffic
2025-12-15 19:41:22.461658,10.202.197.88,142.251.43.163,TCP,BLOCK,Block HTTP Traffic
2025-12-15 19:41:22.470311,10.202.197.88,142.251.43.163,TCP,BLOCK,Block HTTP Traffic
2025-12-15 19:41:22.520930,10.202.197.88,142.251.43.163,TCP,BLOCK,Block HTTP Traffic
2025-12-15 19:41:22.784398,10.202.197.88,142.251.43.163,TCP,BLOCK,Block HTTP Traffic
2025-12-15 19:41:22.787863,10.202.197.88,142.251.43.163,TCP,BLOCK,Block HTTP Traffic
2025-12-15 19:41:22.803475,10.202.197.88,142.251.43.163,TCP,BLOCK,Block HTTP Traffic
2025-12-15 19:41:22.924902,10.202.197.88,142.251.43.163,TCP,BLOCK,Block HTTP Traffic
2025-12-15 19:41:22.999113,10.202.197.88,142.251.43.163,TCP,BLOCK,Block HTTP Traffic
2025-12-15 19:41:23.136083,10.202.197.88,142.251.43.163,TCP,BLOCK,Block HTTP Traffic
2025-12-15 19:41:24.047646,10.202.197.88,142.251.43.163,TCP,BLOCK,Block HTTP Traffic
2025-12-15 19:41:24.160688,10.202.197.88,142.251.43.163,TCP,BLOCK,Block HTTP Traffic
2025-12-15 19:41:25.740406,10.202.197.88,142.251.43.163,TCP,BLOCK,Block HTTP Traffic
2025-12-15 19:41:29.071896,10.202.197.88,34.107.221.82,TCP,BLOCK,Block HTTP Traffic
2025-12-15 19:41:32.908601,10.202.197.88,142.251.43.163,TCP,BLOCK,Block HTTP Traffic
2025-12-15 19:41:32.911993,10.202.197.88,142.251.43.163,TCP,BLOCK,Block HTTP Traffic
2025-12-15 19:41:33.164246,10.202.197.88,142.251.43.163,TCP,BLOCK,Block HTTP Traffic
2025-12-15 19:41:33.167449,10.202.197.88,142.251.43.163,TCP,BLOCK,Block HTTP Traffic
2025-12-15 19:41:34.188312,10.202.197.88,142.251.43.163,TCP,BLOCK,Block HTTP Traffic
2025-12-15 19:41:35.979925,10.202.197.88,142.251.43.163,TCP,BLOCK,Block HTTP Traffic
2025-12-15 19:41:39.308880,10.202.197.88,34.107.221.82,TCP,BLOCK,Block HTTP Traffic
2025-12-15 19:41:43.148405,10.202.197.88,142.251.43.163,TCP,BLOCK,Block HTTP Traffic
2025-12-15 19:41:43.152254,10.202.197.88,142.251.43.163,TCP,BLOCK,Block HTTP Traffic
2025-12-15 19:41:43.664555,10.202.197.88,142.251.43.163,TCP,BLOCK,Block HTTP Traffic
2025-12-15 19:41:43.667932,10.202.197.88,142.251.43.163,TCP,BLOCK,Block HTTP Traffic
2025-12-15 19:41:44.684548,10.202.197.88,142.251.43.163,TCP,BLOCK,Block HTTP Traffic
2025-12-15 19:41:46.220079,10.202.197.88,142.251.43.163,TCP,BLOCK,Block HTTP Traffic
2025-12-15 19:41:49.548394,10.202.197.88,34.107.221.82,TCP,BLOCK,Block HTTP Traffic
2025-12-15 19:41:53.648073,10.202.197.88,142.251.43.163,TCP,BLOCK,Block HTTP Traffic
2025-12-15 19:41:53.651116,10.202.197.88,142.251.43.163,TCP,BLOCK,Block HTTP Traffic
2025-12-15 19:41:54.156474,10.202.197.88,142.251.43.163,TCP,BLOCK,Block HTTP Traffic
2025-12-15 19:41:54.159201,10.202.197.88,142.251.43.163,TCP,BLOCK,Block HTTP Traffic
2025-12-15 19:41:55.439805,10.202.197.88,142.251.43.163,TCP,BLOCK,Block HTTP Traffic
2025-12-15 19:41:56.720570,10.202.197.88,142.251.43.163,TCP,BLOCK,Block HTTP Traffic
2025-12-15 19:42:00.044450,10.202.197.88,34.107.221.82,TCP,BLOCK,Block HTTP Traffic
2025-12-15 19:42:04.140279,10.202.197.88,142.251.43.163,TCP,BLOCK,Block HTTP Traffic
2025-12-15 19:42:04.143544,10.202.197.88,142.251.43.163,TCP,BLOCK,Block HTTP Traffic
2025-12-15 19:42:04.396193,10.202.197.88,142.251.43.163,TCP,BLOCK,Block HTTP Traffic
2025-12-15 19:42:04.398837,10.202.197.88,142.251.43.163,TCP,BLOCK,Block HTTP Traffic
2025-12-15 19:42:05.933388,10.202.197.88,142.251.43.163,TCP,BLOCK,Block HTTP Traffic
2025-12-15 19:42:07.212010,10.202.197.88,142.251.43.163,TCP,BLOCK,Block HTTP Traffic
2025-12-15 19:42:10.284634,10.202.197.88,34.107.221.82,TCP,BLOCK,Block HTTP Traffic
2025-12-15 19:42:14.640085,10.202.197.88,142.251.43.163,TCP,BLOCK,Block HTTP Traffic
2025-12-15 19:42:14.644173,10.202.197.88,142.251.43.163,TCP,BLOCK,Block HTTP Traffic
2025-12-15 19:42:14.892148,10.202.197.88,142.251.43.163,TCP,BLOCK,Block HTTP Traffic
2025-12-15 19:42:14.895537,10.202.197.88,142.251.43.163,TCP,BLOCK,Block HTTP Traffic
2025-12-15 19:42:16.688535,10.202.197.88,142.251.43.163,TCP,BLOCK,Block HTTP Traffic
2025-12-15 19:42:17.712241,10.202.197.88,142.251.43.163,TCP,BLOCK,Block HTTP Traffic
2025-12-15 19:42:20.784266,10.202.197.88,34.107.221.82,TCP,BLOCK,Block HTTP Traffic
2025-12-15 19:42:22.732719,10.202.197.88,34.107.221.82,TCP,BLOCK,Block HTTP Traffic
2025-12-15 19:42:23.148005,10.202.197.88,34.107.221.82,TCP,BLOCK,Block HTTP Traffic
2025-12-15 19:42:25.132494,10.202.197.88,142.251.43.163,TCP,BLOCK,Block HTTP Traffic
2025-12-15 19:42:25.136489,10.202.197.88,142.251.43.163,TCP,BLOCK,Block HTTP Traffic
2025-12-15 19:42:25.140298,10.202.197.88,142.251.43.163,TCP,BLOCK,Block HTTP Traffic
2025-12-15 19:42:25.142901,10.202.197.88,142.251.43.163,TCP,BLOCK,Block HTTP Traffic
2025-12-15 19:42:27.180304,10.202.197.88,142.251.43.163,TCP,BLOCK,Block HTTP Traffic
2025-12-15 19:42:28.204258,10.202.197.88,142.251.43.163,TCP,BLOCK,Block HTTP Traffic
2025-12-15 19:42:35.628316,10.202.197.88,142.251.43.163,TCP,BLOCK,Block HTTP Traffic
2025-12-15 19:42:35.631633,10.202.197.88,142.251.43.163,TCP,BLOCK,Block HTTP Traffic
2025-12-15 19:42:35.633980,10.202.197.88,142.251.43.163,TCP,BLOCK,Block HTTP Traffic
2025-12-15 19:42:35.636993,10.202.197.88,142.251.43.163,TCP,BLOCK,Block HTTP Traffic
2025-12-15 19:42:37.675990,10.202.197.88,142.251.43.163,TCP,BLOCK,Block HTTP Traffic
2025-12-15 19:42:38.704281,10.202.197.88,142.251.43.163,TCP,BLOCK,Block HTTP Traffic
2025-12-15 19:42:40.161555,10.202.197.88,142.251.43.163,TCP,BLOCK,Block HTTP Traffic
2025-12-15 19:42:40.525560,10.202.197.88,142.251.43.163,TCP,BLOCK,Block HTTP Traffic
2025-12-15 19:47:18.490409,10.202.197.88,142.250.193.35,TCP,BLOCK,Block HTTP Traffic
2025-12-15 19:47:18.740036,10.202.197.88,142.250.193.35,TCP,BLOCK,Block HTTP Traffic
2025-12-15 19:47:18.752241,10.202.197.88,142.250.193.35,TCP,BLOCK,Block HTTP Traffic
2025-12-15 19:47:18.755895,10.202.197.88,142.250.193.35,TCP,BLOCK,Block HTTP Traffic
2025-12-15 19:47:19.060853,10.202.197.88,142.250.193.35,TCP,BLOCK,Block HTTP Traffic
2025-12-15 19:47:19.064138,10.202.197.88,142.250.193.35,TCP,BLOCK,Block HTTP Traffic
2025-12-15 19:47:19.101116,10.202.197.88,142.250.193.35,TCP,BLOCK,Block HTTP Traffic
2025-12-15 19:47:19.788681,10.202.197.88,142.251.223.106,TCP,BLOCK,Block HTTPS Traffic
2025-12-15 19:47:19.828428,10.202.197.88,142.251.223.106,TCP,BLOCK,Block HTTPS Traffic
2025-12-15 19:47:19.831689,10.202.197.88,142.251.223.106,TCP,BLOCK,Block HTTPS Traffic
2025-12-15 19:47:19.890817,10.202.197.88,142.251.223.106,TCP,BLOCK,Block HTTPS Traffic
2025-12-15 19:47:19.894843,10.202.197.88,142.251.223.106,TCP,BLOCK,Block HTTPS Traffic
2025-12-15 19:47:19.901866,10.202.197.88,142.251.223.106,TCP,BLOCK,Block HTTPS Traffic
2025-12-15 19:47:19.905114,10.202.197.88,142.251.223.106,TCP,BLOCK,Block HTTPS Traffic
2025-12-15 19:47:19.907539,10.202.197.88,142.251.223.106,TCP,BLOCK,Block HTTPS Traffic
2025-12-15 19:47:19.996796,10.202.197.88,142.251.223.106,TCP,BLOCK,Block HTTPS Traffic
2025-12-15 19:47:20.084344,10.202.197.88,142.251.223.106,TCP,BLOCK,Block HTTPS Traffic
2025-12-15 19:47:20.095244,10.202.197.88,142.251.223.106,TCP,BLOCK,Block HTTPS Traffic
2025-12-15 19:47:20.098922,10.202.197.88,142.251.223.106,TCP,BLOCK,Block HTTPS Traffic
2025-12-15 19:47:20.102183,10.202.197.88,142.251.223.106,TCP,BLOCK,Block HTTPS Traffic
2025-12-15 19:47:20.122438,10.202.197.88,142.251.223.106,TCP,BLOCK,Block HTTPS Traffic
2025-12-15 19:47:20.151619,10.202.197.88,142.251.223.106,TCP,BLOCK,Block HTTPS Traffic
2025-12-15 19:47:24.207811,10.202.197.88,142.250.193.35,TCP,BLOCK,Block HTTP Traffic
2025-12-15 19:47:24.278254,10.202.197.88,142.250.193.35,TCP,BLOCK,Block HTTP Traffic
2025-12-15 19:47:25.988682,10.202.197.88,142.250.67.68,TCP,BLOCK,Block HTTPS Traffic
2025-12-15 19:47:26.037844,10.202.197.88,142.250.67.68,TCP,BLOCK,Block HTTPS Traffic
2025-12-15 19:47:26.041375,10.202.197.88,142.250.67.68,TCP,BLOCK,Block HTTPS Traffic
2025-12-15 19:47:26.090967,10.202.197.88,142.250.67.68,TCP,BLOCK,Block HTTPS Traffic
2025-12-15 19:47:26.093730,10.202.197.88,142.250.67.68,TCP,BLOCK,Block HTTPS Traffic
2025-12-15 19:47:26.096592,10.202.197.88,142.250.67.68,TCP,BLOCK,Block HTTPS Traffic
2025-12-15 19:47:26.099553,10.202.197.88,142.250.67.68,TCP,BLOCK,Block HTTPS Traffic
2025-12-15 19:47:26.137472,10.202.197.88,142.250.67.68,TCP,BLOCK,Block HTTPS Traffic
2025-12-15 19:47:28.148721,10.202.197.88,199.232.101.91,TCP,BLOCK,Block HTTPS Traffic
2025-12-15 19:47:28.152900,10.202.197.88,34.160.144.191,TCP,BLOCK,Block HTTPS Traffic
2025-12-15 19:47:28.479860,10.202.197.88,199.232.101.91,TCP,BLOCK,Block HTTPS Traffic
2025-12-15 19:47:28.483840,10.202.197.88,34.160.144.191,TCP,BLOCK,Block HTTPS Traffic
2025-12-15 19:47:28.487438,10.202.197.88,199.232.101.91,TCP,BLOCK,Block HTTPS Traffic
2025-12-15 19:47:28.491603,10.202.197.88,34.160.144.191,TCP,BLOCK,Block HTTPS Traffic
2025-12-15 19:47:29.060615,10.202.197.88,142.250.193.35,TCP,BLOCK,Block HTTP Traffic
2025-12-15 19:47:39.244788,10.202.197.88,142.250.193.35,TCP,BLOCK,Block HTTP Traffic
2025-12-15 19:47:40.347712,10.202.197.88,34.107.243.93,TCP,BLOCK,Block HTTPS Traffic
2025-12-15 19:47:40.383654,10.202.197.88,142.250.67.68,TCP,BLOCK,Block HTTPS Traffic
2025-12-15 19:47:40.392097,10.202.197.88,199.232.101.91,TCP,BLOCK,Block HTTPS Traffic
2025-12-15 19:47:40.396290,10.202.197.88,34.160.144.191,TCP,BLOCK,Block HTTPS Traffic
2025-12-15 19:47:40.399756,10.202.197.88,142.250.67.68,TCP,BLOCK,Block HTTPS Traffic
2025-12-15 19:47:40.403061,10.202.197.88,142.250.67.68,TCP,BLOCK,Block HTTPS Traffic
2025-12-15 19:47:40.408589,10.202.197.88,142.250.193.35,TCP,BLOCK,Block HTTP Traffic
2025-12-15 19:47:40.412318,10.202.197.88,34.160.144.191,TCP,BLOCK,Block HTTPS Traffic
2025-12-15 19:47:40.415853,10.202.197.88,34.160.144.191,TCP,BLOCK,Block HTTPS Traffic
2025-12-15 19:47:40.419748,10.202.197.88,199.232.101.91,TCP,BLOCK,Block HTTPS Traffic
2025-12-15 19:47:40.423870,10.202.197.88,199.232.101.91,TCP,BLOCK,Block HTTPS Traffic
2025-12-15 19:47:40.427420,10.202.197.88,34.107.243.93,TCP,BLOCK,Block HTTPS Traffic
2025-12-15 19:47:40.431974,10.202.197.88,34.107.243.93,TCP,BLOCK,Block HTTPS Traffic
2025-12-15 19:47:40.498868,10.202.197.88,199.232.101.91,TCP,BLOCK,Block HTTPS Traffic
2025-12-15 19:47:40.502741,10.202.197.88,199.232.101.91,TCP,BLOCK,Block HTTPS Traffic
2025-12-15 19:47:40.564236,10.202.197.88,34.160.144.191,TCP,BLOCK,Block HTTPS Traffic
2025-12-15 19:47:40.568107,10.202.197.88,142.250.67.68,TCP,BLOCK,Block HTTPS Traffic
2025-12-15 19:47:40.571825,10.202.197.88,142.250.193.35,TCP,BLOCK,Block HTTP Traffic
2025-12-15 19:47:40.576485,10.202.197.88,34.107.243.93,TCP,BLOCK,Block HTTPS Traffic
2025-12-15 22:20:59.828189,192.168.180.131,34.36.137.203,TCP,BLOCK,Block HTTPS
2025-12-15 22:20:59.862544,192.168.180.131,34.36.137.203,TCP,BLOCK,Block HTTPS
2025-12-15 22:20:59.865788,192.168.180.131,34.36.137.203,TCP,BLOCK,Block HTTPS
2025-12-15 22:20:59.969971,192.168.180.131,34.36.137.203,TCP,BLOCK,Block HTTPS
2025-12-15 22:20:59.986554,192.168.180.131,34.36.137.203,TCP,BLOCK,Block HTTPS
2025-12-15 22:20:59.989113,192.168.180.131,34.36.137.203,TCP,BLOCK,Block HTTPS
2025-12-15 22:20:59.992387,192.168.180.131,34.36.137.203,TCP,BLOCK,Block HTTPS
2025-12-15 22:21:00.003159,192.168.180.131,34.36.137.203,TCP,BLOCK,Block HTTPS
2025-12-15 22:21:00.020990,192.168.180.131,34.36.137.203,TCP,BLOCK,Block HTTPS
2025-12-15 22:21:00.055865,192.168.180.131,34.36.137.203,TCP,BLOCK,Block HTTPS
2025-12-15 22:21:00.059879,192.168.180.131,34.36.137.203,TCP,BLOCK,Block HTTPS
2025-12-15 22:21:00.063230,192.168.180.131,34.160.144.191,TCP,BLOCK,Block HTTPS
2025-12-15 22:21:00.094817,192.168.180.131,34.36.137.203,TCP,BLOCK,Block HTTPS
2025-12-15 22:21:00.098831,192.168.180.131,34.160.144.191,TCP,BLOCK,Block HTTPS
2025-12-15 22:21:00.101039,192.168.180.131,34.160.144.191,TCP,BLOCK,Block HTTPS
2025-12-15 22:21:00.144229,192.168.180.131,34.160.144.191,TCP,BLOCK,Block HTTPS
2025-12-15 22:21:00.147628,192.168.180.131,34.160.144.191,TCP,BLOCK,Block HTTPS
2025-12-15 22:21:00.174548,192.168.180.131,34.36.137.203,TCP,BLOCK,Block HTTPS
2025-12-15 22:21:00.188242,192.168.180.131,34.160.144.191,TCP,BLOCK,Block HTTPS
2025-12-15 22:21:00.192156,192.168.180.131,34.160.144.191,TCP,BLOCK,Block HTTPS
2025-12-15 22:21:00.195741,192.168.180.131,34.160.144.191,TCP,BLOCK,Block HTTPS
2025-12-15 22:21:00.199194,192.168.180.131,172.217.24.195,TCP,BLOCK,Block HTTP
2025-12-15 22:21:00.201327,192.168.180.131,172.217.24.195,TCP,BLOCK,Block HTTP
2025-12-15 22:21:00.255376,192.168.180.131,172.217.24.195,TCP,BLOCK,Block HTTP
2025-12-15 22:21:00.259117,192.168.180.131,172.217.24.195,TCP,BLOCK,Block HTTP
2025-12-15 22:21:00.261487,192.168.180.131,172.217.24.195,TCP,BLOCK,Block HTTP
2025-12-15 22:21:00.264203,192.168.180.131,172.217.24.195,TCP,BLOCK,Block HTTP
2025-12-15 22:21:00.267642,192.168.180.131,34.160.144.191,TCP,BLOCK,Block HTTPS
2025-12-15 22:21:00.270749,192.168.180.131,34.160.144.191,TCP,BLOCK,Block HTTPS
2025-12-15 22:21:00.275716,192.168.180.131,34.36.137.203,TCP,BLOCK,Block HTTPS
2025-12-15 22:21:00.278976,192.168.180.131,34.36.137.203,TCP,BLOCK,Block HTTPS
2025-12-15 22:21:00.356639,192.168.180.131,172.217.24.195,TCP,BLOCK,Block HTTP
2025-12-15 22:21:00.360490,192.168.180.131,172.217.24.195,TCP,BLOCK,Block HTTP
2025-12-15 22:21:00.368974,192.168.180.131,34.36.137.203,TCP,BLOCK,Block HTTPS
2025-12-15 22:21:00.371918,192.168.180.131,34.36.137.203,TCP,BLOCK,Block HTTPS
2025-12-15 22:21:00.375920,192.168.180.131,34.36.137.203,TCP,BLOCK,Block HTTPS
2025-12-15 22:21:00.378682,192.168.180.131,34.36.137.203,TCP,BLOCK,Block HTTPS
2025-12-15 22:21:00.400001,192.168.180.131,34.36.137.203,TCP,BLOCK,Block HTTPS
2025-12-15 22:21:00.402772,192.168.180.131,34.36.137.203,TCP,BLOCK,Block HTTPS
2025-12-15 22:21:00.474871,192.168.180.131,34.36.137.203,TCP,BLOCK,Block HTTPS
2025-12-15 22:21:00.519796,192.168.180.131,34.107.243.93,TCP,BLOCK,Block HTTPS
2025-12-15 22:21:00.548730,192.168.180.131,142.251.220.106,TCP,BLOCK,Block HTTPS
2025-12-15 22:21:00.554921,192.168.180.131,34.107.243.93,TCP,BLOCK,Block HTTPS
2025-12-15 22:21:00.561435,192.168.180.131,34.107.243.93,TCP,BLOCK,Block HTTPS
2025-12-15 22:21:00.594777,192.168.180.131,34.107.243.93,TCP,BLOCK,Block HTTPS
2025-12-15 22:21:00.604889,192.168.180.131,34.107.243.93,TCP,BLOCK,Block HTTPS
2025-12-15 22:21:00.607201,192.168.180.131,34.107.243.93,TCP,BLOCK,Block HTTPS
2025-12-15 22:21:00.614378,192.168.180.131,142.251.220.106,TCP,BLOCK,Block HTTPS
2025-12-15 22:21:00.618118,192.168.180.131,142.251.220.106,TCP,BLOCK,Block HTTPS
2025-12-15 22:21:00.635941,192.168.180.131,34.107.243.93,TCP,BLOCK,Block HTTPS
2025-12-15 22:21:00.638640,192.168.180.131,34.107.243.93,TCP,BLOCK,Block HTTPS
2025-12-15 22:21:00.649628,192.168.180.131,151.101.209.91,TCP,BLOCK,Block HTTPS
2025-12-15 22:21:00.667238,192.168.180.131,34.36.137.203,TCP,BLOCK,Block HTTPS
2025-12-15 22:21:00.670023,192.168.180.131,34.36.137.203,TCP,BLOCK,Block HTTPS
2025-12-15 22:21:00.672760,192.168.180.131,34.107.243.93,TCP,BLOCK,Block HTTPS
2025-12-15 22:21:00.675278,192.168.180.131,34.107.243.93,TCP,BLOCK,Block HTTPS
2025-12-15 22:21:00.701069,192.168.180.131,142.251.220.106,TCP,BLOCK,Block HTTPS
2025-12-15 22:21:00.709978,192.168.180.131,34.107.243.93,TCP,BLOCK,Block HTTPS
2025-12-15 22:21:00.712617,192.168.180.131,34.107.243.93,TCP,BLOCK,Block HTTPS
2025-12-15 22:21:00.715430,192.168.180.131,34.107.243.93,TCP,BLOCK,Block HTTPS
2025-12-15 22:21:00.719329,192.168.180.131,151.101.209.91,TCP,BLOCK,Block HTTPS
2025-12-15 22:21:00.721738,192.168.180.131,34.107.243.93,TCP,BLOCK,Block HTTPS
2025-12-15 22:21:00.725005,192.168.180.131,151.101.209.91,TCP,BLOCK,Block HTTPS
2025-12-15 22:21:00.748376,192.168.180.131,172.217.24.195,TCP,BLOCK,Block HTTP
2025-12-15 22:21:00.772397,192.168.180.131,151.101.209.91,TCP,BLOCK,Block HTTPS
2025-12-15 22:21:00.797602,192.168.180.131,151.101.209.91,TCP,BLOCK,Block HTTPS
2025-12-15 22:21:00.802744,192.168.180.131,151.101.209.91,TCP,BLOCK,Block HTTPS
2025-12-15 22:21:00.805513,192.168.180.131,151.101.209.91,TCP,BLOCK,Block HTTPS
2025-12-15 22:21:00.817586,192.168.180.131,172.217.24.195,TCP,BLOCK,Block HTTP
2025-12-15 22:21:00.819952,192.168.180.131,172.217.24.195,TCP,BLOCK,Block HTTP
2025-12-15 22:21:00.916668,192.168.180.131,172.217.24.195,TCP,BLOCK,Block HTTP
2025-12-15 22:21:00.921124,192.168.180.131,151.101.209.91,TCP,BLOCK,Block HTTPS
2025-12-15 22:21:00.934625,192.168.180.131,142.251.220.106,TCP,BLOCK,Block HTTPS
2025-12-15 22:21:00.939531,192.168.180.131,142.251.220.106,TCP,BLOCK,Block HTTPS
2025-12-15 22:21:00.942755,192.168.180.131,142.251.220.106,TCP,BLOCK,Block HTTPS
2025-12-15 22:21:00.997097,192.168.180.131,142.251.220.106,TCP,BLOCK,Block HTTPS
2025-12-15 22:21:00.999268,192.168.180.131,142.251.220.106,TCP,BLOCK,Block HTTPS
2025-12-15 22:21:01.012010,192.168.180.131,34.107.243.93,TCP,BLOCK,Block HTTPS
2025-12-15 22:21:01.019776,192.168.180.131,34.107.221.82,TCP,BLOCK,Block HTTP
2025-12-15 22:21:01.047992,192.168.180.131,34.107.221.82,TCP,BLOCK,Block HTTP
2025-12-15 22:21:01.050646,192.168.180.131,34.107.221.82,TCP,BLOCK,Block HTTP
2025-12-15 22:21:01.083208,192.168.180.131,34.107.221.82,TCP,BLOCK,Block HTTP
2025-12-15 22:21:01.103113,192.168.180.131,142.251.220.106,TCP,BLOCK,Block HTTPS
2025-12-15 22:21:01.105501,192.168.180.131,142.251.220.106,TCP,BLOCK,Block HTTPS
2025-12-15 22:21:01.109001,192.168.180.131,142.251.220.106,TCP,BLOCK,Block HTTPS
2025-12-15 22:21:01.111393,192.168.180.131,142.251.220.106,TCP,BLOCK,Block HTTPS
2025-12-15 22:21:01.113384,192.168.180.131,142.251.220.106,TCP,BLOCK,Block HTTPS
2025-12-15 22:21:01.116189,192.168.180.131,142.251.220.106,TCP,BLOCK,Block HTTPS
2025-12-15 22:21:01.118522,192.168.180.131,142.251.220.106,TCP,BLOCK,Block HTTPS
2025-12-15 22:21:01.121262,192.168.180.131,142.251.220.106,TCP,BLOCK,Block HTTPS
2025-12-15 22:21:01.184226,192.168.180.131,142.251.220.106,TCP,BLOCK,Block HTTPS
2025-12-15 22:21:01.264306,192.168.180.131,151.101.209.91,TCP,BLOCK,Block HTTPS
2025-12-15 22:21:01.266651,192.168.180.131,151.101.209.91,TCP,BLOCK,Block HTTPS
2025-12-15 22:21:01.302660,192.168.180.131,34.107.243.93,TCP,BLOCK,Block HTTPS
2025-12-15 22:21:01.333252,192.168.180.131,151.101.209.91,TCP,BLOCK,Block HTTPS
2025-12-15 22:21:01.336154,192.168.180.131,151.101.209.91,TCP,BLOCK,Block HTTPS
2025-12-15 22:21:01.338218,192.168.180.131,151.101.209.91,TCP,BLOCK,Block HTTPS
2025-12-15 22:21:01.395017,192.168.180.131,151.101.209.91,TCP,BLOCK,Block HTTPS
2025-12-15 22:21:01.397274,192.168.180.131,151.101.209.91,TCP,BLOCK,Block HTTPS
2025-12-15 22:21:01.462600,192.168.180.131,151.101.209.91,TCP,BLOCK,Block HTTPS
2025-12-15 22:21:01.525652,192.168.180.131,151.101.209.91,TCP,BLOCK,Block HTTPS
2025-12-15 22:21:01.528023,192.168.180.131,151.101.209.91,TCP,BLOCK,Block HTTPS
2025-12-15 22:21:01.589077,192.168.180.131,151.101.209.91,TCP,BLOCK,Block HTTPS
2025-12-15 22:21:07.341138,192.168.180.131,172.217.24.4,TCP,BLOCK,Block HTTPS
2025-12-15 22:21:07.407050,192.168.180.131,172.217.24.4,TCP,BLOCK,Block HTTPS
2025-12-15 22:21:07.409656,192.168.180.131,172.217.24.4,TCP,BLOCK,Block HTTPS
2025-12-15 22:21:07.412295,192.168.180.131,172.217.24.195,TCP,BLOCK,Block HTTP
2025-12-15 22:21:07.503748,192.168.180.131,172.217.24.4,TCP,BLOCK,Block HTTPS
2025-12-15 22:21:07.506163,192.168.180.131,172.217.24.195,TCP,BLOCK,Block HTTP
2025-12-15 22:21:07.539660,192.168.180.131,172.217.24.195,TCP,BLOCK,Block HTTP
2025-12-15 22:21:07.598689,192.168.180.131,172.217.24.195,TCP,BLOCK,Block HTTP
2025-12-15 22:21:07.600774,192.168.180.131,172.217.24.195,TCP,BLOCK,Block HTTP
2025-12-15 22:21:07.693193,192.168.180.131,172.217.24.195,TCP,BLOCK,Block HTTP
2025-12-15 22:21:07.695554,192.168.180.131,172.217.24.4,TCP,BLOCK,Block HTTPS
2025-12-15 22:21:07.698496,192.168.180.131,172.217.24.4,TCP,BLOCK,Block HTTPS
2025-12-15 22:21:07.762652,192.168.180.131,142.250.77.110,TCP,BLOCK,Block HTTPS
2025-12-15 22:21:07.764862,192.168.180.131,142.250.77.110,TCP,BLOCK,Block HTTPS
2025-12-15 22:21:08.466804,192.168.180.131,172.217.24.195,TCP,BLOCK,Block HTTP
2025-12-15 22:21:08.470655,192.168.180.131,142.250.77.110,TCP,BLOCK,Block HTTPS
2025-12-15 22:21:08.472835,192.168.180.131,172.217.24.4,TCP,BLOCK,Block HTTPS
2025-12-15 22:21:08.475067,192.168.180.131,172.217.24.4,TCP,BLOCK,Block HTTPS
2025-12-15 22:21:08.476972,192.168.180.131,142.250.77.110,TCP,BLOCK,Block HTTPS
2025-12-15 22:21:08.479049,192.168.180.131,142.250.77.110,TCP,BLOCK,Block HTTPS
2025-12-15 22:21:08.481258,192.168.180.131,142.250.77.110,TCP,BLOCK,Block HTTPS
2025-12-15 22:21:08.563211,192.168.180.131,142.250.77.110,TCP,BLOCK,Block HTTPS
2025-12-15 22:21:08.565526,192.168.180.131,172.217.24.195,TCP,BLOCK,Block HTTP
2025-12-15 22:21:08.568460,192.168.180.131,142.250.77.110,TCP,BLOCK,Block HTTPS
2025-12-15 22:21:08.571172,192.168.180.131,142.250.77.110,TCP,BLOCK,Block HTTPS
2025-12-15 22:21:08.573700,192.168.180.131,142.250.77.110,TCP,BLOCK,Block HTTPS
2025-12-15 22:21:08.575580,192.168.180.131,142.250.77.110,TCP,BLOCK,Block HTTPS
2025-12-15 22:21:08.577475,192.168.180.131,142.250.77.110,TCP,BLOCK,Block HTTPS
2025-12-15 22:21:08.639475,192.168.180.131,142.250.77.110,TCP,BLOCK,Block HTTPS
2025-12-15 22:21:08.646333,192.168.180.131,142.250.77.110,TCP,BLOCK,Block HTTPS
2025-12-15 22:21:08.648351,192.168.180.131,142.250.77.110,TCP,BLOCK,Block HTTPS
2025-12-15 22:21:08.717282,192.168.180.131,142.250.77.110,TCP,BLOCK,Block HTTPS
2025-12-15 22:21:08.746167,192.168.180.131,142.250.77.110,TCP,BLOCK,Block HTTPS
2025-12-15 22:21:11.126273,192.168.180.131,172.217.24.129,TCP,BLOCK,Block HTTPS
2025-12-15 22:21:11.205970,192.168.180.131,172.217.24.129,TCP,BLOCK,Block HTTPS
2025-12-15 22:21:11.208469,192.168.180.131,172.217.24.129,TCP,BLOCK,Block HTTPS
2025-12-15 22:21:11.214620,192.168.180.131,172.217.24.195,TCP,BLOCK,Block HTTP
2025-12-15 22:21:11.300927,192.168.180.131,172.217.24.129,TCP,BLOCK,Block HTTPS
2025-12-15 22:21:11.306191,192.168.180.131,172.217.24.195,TCP,BLOCK,Block HTTP
2025-12-15 22:21:11.311274,192.168.180.131,172.217.24.195,TCP,BLOCK,Block HTTP
2025-12-15 22:21:11.402236,192.168.180.131,172.217.24.195,TCP,BLOCK,Block HTTP
2025-12-15 22:21:11.404315,192.168.180.131,172.217.24.129,TCP,BLOCK,Block HTTPS
2025-12-15 22:21:11.407097,192.168.180.131,172.217.24.129,TCP,BLOCK,Block HTTPS
2025-12-15 22:21:11.472160,192.168.180.131,172.217.24.129,TCP,BLOCK,Block HTTPS
2025-12-15 22:21:11.474412,192.168.180.131,172.217.24.129,TCP,BLOCK,Block HTTPS
2025-12-15 22:21:11.561988,192.168.180.131,172.217.24.195,TCP,BLOCK,Block HTTP
2025-12-15 22:21:11.586193,192.168.180.131,172.217.24.129,TCP,BLOCK,Block HTTPS
2025-12-15 22:21:11.818421,192.168.180.131,34.107.221.82,TCP,BLOCK,Block HTTP
2025-12-15 22:21:12.429252,192.168.180.131,172.217.24.4,TCP,BLOCK,Block HTTPS
2025-12-15 22:21:12.495672,192.168.180.131,172.217.24.4,TCP,BLOCK,Block HTTPS
2025-12-15 22:21:12.497762,192.168.180.131,172.217.24.4,TCP,BLOCK,Block HTTPS
2025-12-15 22:21:12.507568,192.168.180.131,172.217.24.4,TCP,BLOCK,Block HTTPS
2025-12-15 22:21:12.570037,192.168.180.131,172.217.24.4,TCP,BLOCK,Block HTTPS
2025-12-15 22:21:12.572138,192.168.180.131,172.217.24.4,TCP,BLOCK,Block HTTPS
2025-12-15 22:21:12.586355,192.168.180.131,172.217.24.195,TCP,BLOCK,Block HTTP
2025-12-15 22:21:12.593164,192.168.180.131,172.217.24.4,TCP,BLOCK,Block HTTPS
2025-12-15 22:21:12.598612,192.168.180.131,172.217.24.195,TCP,BLOCK,Block HTTP
2025-12-15 22:21:12.653174,192.168.180.131,172.217.24.4,TCP,BLOCK,Block HTTPS
2025-12-15 22:21:12.659347,192.168.180.131,172.217.24.195,TCP,BLOCK,Block HTTP
2025-12-15 22:21:12.702655,192.168.180.131,172.217.24.195,TCP,BLOCK,Block HTTP
2025-12-15 22:21:12.704843,192.168.180.131,172.217.24.4,TCP,BLOCK,Block HTTPS
2025-12-15 22:21:12.706928,192.168.180.131,172.217.24.4,TCP,BLOCK,Block HTTPS
2025-12-15 22:21:12.761168,192.168.180.131,172.217.24.195,TCP,BLOCK,Block HTTP
2025-12-15 22:21:12.765373,192.168.180.131,172.217.24.4,TCP,BLOCK,Block HTTPS
2025-12-15 22:21:12.767788,192.168.180.131,172.217.24.4,TCP,BLOCK,Block HTTPS
2025-12-15 22:21:12.783713,192.168.180.131,142.251.220.106,TCP,BLOCK,Block HTTPS
2025-12-15 22:21:12.840435,192.168.180.131,172.217.24.4,TCP,BLOCK,Block HTTPS
2025-12-15 22:21:12.843249,192.168.180.131,172.217.24.4,TCP,BLOCK,Block HTTPS
2025-12-15 22:21:12.845310,192.168.180.131,172.217.24.4,TCP,BLOCK,Block HTTPS
2025-12-15 22:21:12.847744,192.168.180.131,34.107.221.82,TCP,BLOCK,Block HTTP
2025-12-15 22:21:12.850070,192.168.180.131,142.251.220.106,TCP,BLOCK,Block HTTPS
2025-12-15 22:21:12.851966,192.168.180.131,142.251.220.106,TCP,BLOCK,Block HTTPS
2025-12-15 22:21:12.854064,192.168.180.131,142.251.220.106,TCP,BLOCK,Block HTTPS
2025-12-15 22:21:12.856077,192.168.180.131,142.251.220.106,TCP,BLOCK,Block HTTPS
2025-12-15 22:21:12.898197,192.168.180.131,172.217.24.4,TCP,BLOCK,Block HTTPS
2025-12-15 22:21:12.900645,192.168.180.131,172.217.24.4,TCP,BLOCK,Block HTTPS
2025-12-15 22:21:12.912664,192.168.180.131,172.217.24.4,TCP,BLOCK,Block HTTPS
2025-12-15 22:21:12.932188,192.168.180.131,142.251.220.106,TCP,BLOCK,Block HTTPS
2025-12-15 22:21:12.935572,192.168.180.131,142.251.220.106,TCP,BLOCK,Block HTTPS
2025-12-15 22:21:12.937976,192.168.180.131,142.251.220.106,TCP,BLOCK,Block HTTPS
2025-12-15 22:21:12.986812,192.168.180.131,172.217.24.130,TCP,BLOCK,Block HTTPS
2025-12-15 22:21:13.015103,192.168.180.131,142.250.192.8,TCP,BLOCK,Block HTTPS
2025-12-15 22:21:13.017305,192.168.180.131,142.250.192.8,TCP,BLOCK,Block HTTPS
2025-12-15 22:21:13.021934,192.168.180.131,142.251.220.106,TCP,BLOCK,Block HTTPS
2025-12-15 22:21:13.024985,192.168.180.131,142.251.220.106,TCP,BLOCK,Block HTTPS
2025-12-15 22:21:13.027741,192.168.180.131,142.251.220.106,TCP,BLOCK,Block HTTPS
2025-12-15 22:21:13.030100,192.168.180.131,142.251.220.106,TCP,BLOCK,Block HTTPS
2025-12-15 22:21:13.032304,192.168.180.131,142.251.220.106,TCP,BLOCK,Block HTTPS
2025-12-15 22:21:13.050558,192.168.180.131,172.217.24.195,TCP,BLOCK,Block HTTP
2025-12-15 22:21:13.056043,192.168.180.131,172.217.24.130,TCP,BLOCK,Block HTTPS
2025-12-15 22:21:13.060230,192.168.180.131,172.217.24.130,TCP,BLOCK,Block HTTPS
2025-12-15 22:21:13.063204,192.168.180.131,172.217.24.195,TCP,BLOCK,Block HTTP
2025-12-15 22:21:13.069577,192.168.180.131,142.250.192.8,TCP,BLOCK,Block HTTPS
2025-12-15 22:21:13.071708,192.168.180.131,142.250.192.8,TCP,BLOCK,Block HTTPS
2025-12-15 22:21:13.075012,192.168.180.131,142.250.192.8,TCP,BLOCK,Block HTTPS
2025-12-15 22:21:13.078292,192.168.180.131,142.250.192.8,TCP,BLOCK,Block HTTPS
2025-12-15 22:21:13.090096,192.168.180.131,142.251.220.106,TCP,BLOCK,Block HTTPS
2025-12-15 22:21:13.092737,192.168.180.131,142.251.223.177,TCP,BLOCK,Block HTTPS
2025-12-15 22:21:13.128839,192.168.180.131,142.250.192.8,TCP,BLOCK,Block HTTPS
2025-12-15 22:21:13.132032,192.168.180.131,142.250.192.8,TCP,BLOCK,Block HTTPS
2025-12-15 22:21:13.134502,192.168.180.131,172.217.24.195,TCP,BLOCK,Block HTTP
2025-12-15 22:21:13.136434,192.168.180.131,172.217.24.195,TCP,BLOCK,Block HTTP
2025-12-15 22:21:13.148234,192.168.180.131,172.217.24.195,TCP,BLOCK,Block HTTP
2025-12-15 22:21:13.151685,192.168.180.131,172.217.24.195,TCP,BLOCK,Block HTTP
2025-12-15 22:21:13.155689,192.168.180.131,172.217.24.130,TCP,BLOCK,Block HTTPS
2025-12-15 22:21:13.157927,192.168.180.131,142.251.223.177,TCP,BLOCK,Block HTTPS
2025-12-15 22:21:13.160713,192.168.180.131,142.251.223.177,TCP,BLOCK,Block HTTPS
2025-12-15 22:21:13.163589,192.168.180.131,172.217.24.195,TCP,BLOCK,Block HTTP
2025-12-15 22:21:13.165971,192.168.180.131,172.217.24.195,TCP,BLOCK,Block HTTP
2025-12-15 22:21:13.168792,192.168.180.131,172.217.24.195,TCP,BLOCK,Block HTTP
2025-12-15 22:21:13.170985,192.168.180.131,172.217.24.195,TCP,BLOCK,Block HTTP
2025-12-15 22:21:13.191680,192.168.180.131,142.251.221.202,TCP,BLOCK,Block HTTPS
2025-12-15 22:21:13.198920,192.168.180.131,172.217.24.195,TCP,BLOCK,Block HTTP
2025-12-15 22:21:13.200867,192.168.180.131,172.217.24.195,TCP,BLOCK,Block HTTP
2025-12-15 22:21:13.202647,192.168.180.131,172.217.24.195,TCP,BLOCK,Block HTTP
2025-12-15 22:21:13.204539,192.168.180.131,172.217.24.195,TCP,BLOCK,Block HTTP
2025-12-15 22:21:13.217671,192.168.180.131,172.217.24.195,TCP,BLOCK,Block HTTP
2025-12-15 22:21:13.220000,192.168.180.131,172.217.24.195,TCP,BLOCK,Block HTTP
2025-12-15 22:21:13.238700,192.168.180.131,142.251.223.177,TCP,BLOCK,Block HTTPS
2025-12-15 22:21:13.244464,192.168.180.131,172.217.24.195,TCP,BLOCK,Block HTTP
2025-12-15 22:21:13.256649,192.168.180.131,142.251.221.202,TCP,BLOCK,Block HTTPS
2025-12-15 22:21:13.259105,192.168.180.131,142.251.221.202,TCP,BLOCK,Block HTTPS
2025-12-15 22:21:13.303909,192.168.180.131,172.217.24.195,TCP,BLOCK,Block HTTP
2025-12-15 22:21:13.310223,192.168.180.131,172.217.24.195,TCP,BLOCK,Block HTTP
2025-12-15 22:21:13.313437,192.168.180.131,172.217.24.130,TCP,BLOCK,Block HTTPS
2025-12-15 22:21:13.315669,192.168.180.131,172.217.24.130,TCP,BLOCK,Block HTTPS
2025-12-15 22:21:13.321669,192.168.180.131,172.217.24.195,TCP,BLOCK,Block HTTP
2025-12-15 22:21:13.325394,192.168.180.131,172.217.24.195,TCP,BLOCK,Block HTTP
2025-12-15 22:21:13.329441,192.168.180.131,142.250.192.8,TCP,BLOCK,Block HTTPS
2025-12-15 22:21:13.332321,192.168.180.131,142.250.192.8,TCP,BLOCK,Block HTTPS
2025-12-15 22:21:13.336844,192.168.180.131,142.250.192.8,TCP,BLOCK,Block HTTPS
2025-12-15 22:21:13.339543,192.168.180.131,142.250.192.8,TCP,BLOCK,Block HTTPS
2025-12-15 22:21:13.347365,192.168.180.131,142.251.221.202,TCP,BLOCK,Block HTTPS
2025-12-15 22:21:13.351303,192.168.180.131,172.217.24.195,TCP,BLOCK,Block HTTP
2025-12-15 22:21:13.354510,192.168.180.131,142.251.223.177,TCP,BLOCK,Block HTTPS
2025-12-15 22:21:13.357267,192.168.180.131,142.251.223.177,TCP,BLOCK,Block HTTPS
2025-12-15 22:21:13.360635,192.168.180.131,172.217.24.195,TCP,BLOCK,Block HTTP
2025-12-15 22:21:13.372847,192.168.180.131,172.217.24.130,TCP,BLOCK,Block HTTPS
2025-12-15 22:21:13.376546,192.168.180.131,172.217.24.130,TCP,BLOCK,Block HTTPS
2025-12-15 22:21:13.379617,192.168.180.131,172.217.24.195,TCP,BLOCK,Block HTTP
2025-12-15 22:21:13.383138,192.168.180.131,142.250.192.8,TCP,BLOCK,Block HTTPS
2025-12-15 22:21:13.385663,192.168.180.131,142.250.192.8,TCP,BLOCK,Block HTTPS
2025-12-15 22:21:13.390432,192.168.180.131,142.250.192.8,TCP,BLOCK,Block HTTPS
2025-12-15 22:21:13.393039,192.168.180.131,142.250.192.8,TCP,BLOCK,Block HTTPS
2025-12-15 22:21:13.395499,192.168.180.131,142.250.192.8,TCP,BLOCK,Block HTTPS
2025-12-15 22:21:13.415025,192.168.180.131,142.251.223.177,TCP,BLOCK,Block HTTPS
2025-12-15 22:21:13.419211,192.168.180.131,142.251.223.177,TCP,BLOCK,Block HTTPS
2025-12-15 22:21:13.441137,192.168.180.131,142.250.192.8,TCP,BLOCK,Block HTTPS
2025-12-15 22:21:13.447919,192.168.180.131,142.251.221.202,TCP,BLOCK,Block HTTPS
2025-12-15 22:21:13.450595,192.168.180.131,142.251.221.202,TCP,BLOCK,Block HTTPS
2025-12-15 22:21:13.452977,192.168.180.131,142.251.221.202,TCP,BLOCK,Block HTTPS
2025-12-15 22:21:13.481827,192.168.180.131,172.217.24.130,TCP,BLOCK,Block HTTPS
2025-12-15 22:21:13.484176,192.168.180.131,142.250.192.8,TCP,BLOCK,Block HTTPS
2025-12-15 22:21:13.492029,192.168.180.131,172.217.24.195,TCP,BLOCK,Block HTTP
2025-12-15 22:21:13.508559,192.168.180.131,142.251.221.202,TCP,BLOCK,Block HTTPS
2025-12-15 22:21:13.510783,192.168.180.131,142.251.221.202,TCP,BLOCK,Block HTTPS
2025-12-15 22:21:13.512735,192.168.180.131,172.217.24.195,TCP,BLOCK,Block HTTP
2025-12-15 22:21:13.515313,192.168.180.131,172.217.24.195,TCP,BLOCK,Block HTTP
2025-12-15 22:21:13.523575,192.168.180.131,142.251.223.177,TCP,BLOCK,Block HTTPS
2025-12-15 22:21:13.609995,192.168.180.131,142.251.221.202,TCP,BLOCK,Block HTTPS
2025-12-15 22:21:13.612823,192.168.180.131,142.251.221.202,TCP,BLOCK,Block HTTPS
2025-12-15 22:21:14.153558,192.168.180.131,64.233.170.91,TCP,BLOCK,Block HTTPS
2025-12-15 22:21:14.202356,192.168.180.131,142.251.220.110,TCP,BLOCK,Block HTTPS
2025-12-15 22:21:14.251413,192.168.180.131,64.233.170.91,TCP,BLOCK,Block HTTPS
2025-12-15 22:21:14.258424,192.168.180.131,64.233.170.91,TCP,BLOCK,Block HTTPS
2025-12-15 22:21:14.263116,192.168.180.131,64.233.170.91,TCP,BLOCK,Block HTTPS
2025-12-15 22:21:14.283333,192.168.180.131,142.251.220.110,TCP,BLOCK,Block HTTPS
2025-12-15 22:21:14.286215,192.168.180.131,142.251.220.110,TCP,BLOCK,Block HTTPS
2025-12-15 22:21:14.288331,192.168.180.131,142.250.205.67,TCP,BLOCK,Block HTTPS
2025-12-15 22:21:14.342786,192.168.180.131,142.250.205.67,TCP,BLOCK,Block HTTPS
2025-12-15 22:21:14.345176,192.168.180.131,142.250.205.67,TCP,BLOCK,Block HTTPS
2025-12-15 22:21:14.348321,192.168.180.131,64.233.170.91,TCP,BLOCK,Block HTTPS
2025-12-15 22:21:14.350467,192.168.180.131,64.233.170.91,TCP,BLOCK,Block HTTPS
2025-12-15 22:21:14.364719,192.168.180.131,64.233.170.91,TCP,BLOCK,Block HTTPS
2025-12-15 22:21:14.368512,192.168.180.131,64.233.170.91,TCP,BLOCK,Block HTTPS
2025-12-15 22:21:14.372433,192.168.180.131,172.217.24.195,TCP,BLOCK,Block HTTP
2025-12-15 22:21:14.376657,192.168.180.131,142.251.220.110,TCP,BLOCK,Block HTTPS
2025-12-15 22:21:14.379892,192.168.180.131,142.251.220.110,TCP,BLOCK,Block HTTPS
2025-12-15 22:21:14.383585,192.168.180.131,172.217.24.195,TCP,BLOCK,Block HTTP
2025-12-15 22:21:14.433292,192.168.180.131,142.250.205.67,TCP,BLOCK,Block HTTPS
2025-12-15 22:21:14.440466,192.168.180.131,172.217.24.195,TCP,BLOCK,Block HTTP
2025-12-15 22:21:14.446341,192.168.180.131,64.233.170.91,TCP,BLOCK,Block HTTPS
2025-12-15 22:21:14.449657,192.168.180.131,172.217.24.195,TCP,BLOCK,Block HTTP
2025-12-15 22:21:14.473688,192.168.180.131,64.233.170.91,TCP,BLOCK,Block HTTPS
2025-12-15 22:21:14.476463,192.168.180.131,64.233.170.91,TCP,BLOCK,Block HTTPS
2025-12-15 22:21:14.479163,192.168.180.131,172.217.24.195,TCP,BLOCK,Block HTTP
2025-12-15 22:21:14.484559,192.168.180.131,172.217.24.195,TCP,BLOCK,Block HTTP
2025-12-15 22:21:14.486939,192.168.180.131,64.233.170.91,TCP,BLOCK,Block HTTPS
2025-12-15 22:21:14.489338,192.168.180.131,64.233.170.91,TCP,BLOCK,Block HTTPS
2025-12-15 22:21:14.491627,192.168.180.131,64.233.170.91,TCP,BLOCK,Block HTTPS
2025-12-15 22:21:14.497218,192.168.180.131,172.217.24.195,TCP,BLOCK,Block HTTP
2025-12-15 22:21:14.501893,192.168.180.131,142.251.220.110,TCP,BLOCK,Block HTTPS
2025-12-15 22:21:14.504713,192.168.180.131,142.251.220.110,TCP,BLOCK,Block HTTPS
2025-12-15 22:21:14.545557,192.168.180.131,172.217.24.195,TCP,BLOCK,Block HTTP
2025-12-15 22:21:14.548125,192.168.180.131,142.250.205.67,TCP,BLOCK,Block HTTPS
2025-12-15 22:21:14.550454,192.168.180.131,142.250.205.67,TCP,BLOCK,Block HTTPS
2025-12-15 22:21:14.567701,192.168.180.131,172.217.24.195,TCP,BLOCK,Block HTTP
2025-12-15 22:21:14.571503,192.168.180.131,64.233.170.91,TCP,BLOCK,Block HTTPS
2025-12-15 22:21:14.575027,192.168.180.131,64.233.170.91,TCP,BLOCK,Block HTTPS
2025-12-15 22:21:14.579302,192.168.180.131,142.251.220.110,TCP,BLOCK,Block HTTPS
2025-12-15 22:21:14.581852,192.168.180.131,172.217.24.195,TCP,BLOCK,Block HTTP
2025-12-15 22:21:14.585222,192.168.180.131,64.233.170.91,TCP,BLOCK,Block HTTPS
2025-12-15 22:21:14.588742,192.168.180.131,64.233.170.91,TCP,BLOCK,Block HTTPS
2025-12-15 22:21:14.591099,192.168.180.131,142.251.220.110,TCP,BLOCK,Block HTTPS
2025-12-15 22:21:14.595681,192.168.180.131,64.233.170.91,TCP,BLOCK,Block HTTPS
2025-12-15 22:21:14.597959,192.168.180.131,64.233.170.91,TCP,BLOCK,Block HTTPS
2025-12-15 22:21:14.599920,192.168.180.131,64.233.170.91,TCP,BLOCK,Block HTTPS
2025-12-15 22:21:14.602204,192.168.180.131,64.233.170.91,TCP,BLOCK,Block HTTPS
2025-12-15 22:21:14.604473,192.168.180.131,64.233.170.91,TCP,BLOCK,Block HTTPS
2025-12-15 22:21:14.636676,192.168.180.131,142.250.205.67,TCP,BLOCK,Block HTTPS
2025-12-15 22:21:14.638921,192.168.180.131,142.250.205.67,TCP,BLOCK,Block HTTPS
2025-12-15 22:21:14.671330,192.168.180.131,64.233.170.91,TCP,BLOCK,Block HTTPS
2025-12-15 22:21:14.674276,192.168.180.131,64.233.170.91,TCP,BLOCK,Block HTTPS
2025-12-15 22:21:14.676700,192.168.180.131,64.233.170.91,TCP,BLOCK,Block HTTPS
2025-12-15 22:21:14.702516,192.168.180.131,64.233.170.91,TCP,BLOCK,Block HTTPS
2025-12-15 22:21:14.705170,192.168.180.131,142.251.220.110,TCP,BLOCK,Block HTTPS
2025-12-15 22:21:14.742144,192.168.180.131,142.250.205.67,TCP,BLOCK,Block HTTPS
2025-12-15 22:21:14.744384,192.168.180.131,64.233.170.91,TCP,BLOCK,Block HTTPS
2025-12-15 22:21:14.770787,192.168.180.131,64.233.170.91,TCP,BLOCK,Block HTTPS
2025-12-15 22:21:14.774116,192.168.180.131,64.233.170.91,TCP,BLOCK,Block HTTPS
2025-12-15 22:21:14.777435,192.168.180.131,64.233.170.91,TCP,BLOCK,Block HTTPS
2025-12-15 22:21:14.789463,192.168.180.131,64.233.170.91,TCP,BLOCK,Block HTTPS
2025-12-15 22:21:14.809822,192.168.180.131,64.233.170.91,TCP,BLOCK,Block HTTPS
2025-12-15 22:21:14.833401,192.168.180.131,64.233.170.91,TCP,BLOCK,Block HTTPS
2025-12-15 22:21:14.854197,192.168.180.131,64.233.170.91,TCP,BLOCK,Block HTTPS
2025-12-15 22:21:14.894038,192.168.180.131,64.233.170.91,TCP,BLOCK,Block HTTPS
2025-12-15 22:21:14.899456,192.168.180.131,64.233.170.91,TCP,BLOCK,Block HTTPS
2025-12-15 22:21:14.917714,192.168.180.131,64.233.170.91,TCP,BLOCK,Block HTTPS
2025-12-15 22:21:14.928322,192.168.180.131,142.251.10.119,TCP,BLOCK,Block HTTPS
2025-12-15 22:21:14.963234,192.168.180.131,64.233.170.91,TCP,BLOCK,Block HTTPS
2025-12-15 22:21:14.966012,192.168.180.131,64.233.170.91,TCP,BLOCK,Block HTTPS
2025-12-15 22:21:14.972430,192.168.180.131,64.233.170.91,TCP,BLOCK,Block HTTPS
2025-12-15 22:21:14.980749,192.168.180.131,64.233.170.91,TCP,BLOCK,Block HTTPS
2025-12-15 22:21:14.990300,192.168.180.131,64.233.170.91,TCP,BLOCK,Block HTTPS
2025-12-15 22:21:14.999861,192.168.180.131,64.233.170.91,TCP,BLOCK,Block HTTPS
2025-12-15 22:21:15.010381,192.168.180.131,64.233.170.91,TCP,BLOCK,Block HTTPS
2025-12-15 22:21:15.033005,192.168.180.131,64.233.170.91,TCP,BLOCK,Block HTTPS
2025-12-15 22:21:15.035748,192.168.180.131,142.251.10.119,TCP,BLOCK,Block HTTPS
2025-12-15 22:21:15.038411,192.168.180.131,64.233.170.91,TCP,BLOCK,Block HTTPS
2025-12-15 22:21:15.041615,192.168.180.131,64.233.170.91,TCP,BLOCK,Block HTTPS
2025-12-15 22:21:15.044287,192.168.180.131,64.233.170.91,TCP,BLOCK,Block HTTPS
2025-12-15 22:21:15.046542,192.168.180.131,142.251.10.119,TCP,BLOCK,Block HTTPS
2025-12-15 22:21:15.048800,192.168.180.131,142.251.43.138,TCP,BLOCK,Block HTTPS
2025-12-15 22:21:15.082279,192.168.180.131,172.217.24.195,TCP,BLOCK,Block HTTP
2025-12-15 22:21:15.103311,192.168.180.131,142.251.43.138,TCP,BLOCK,Block HTTPS
2025-12-15 22:21:15.106895,192.168.180.131,142.251.43.138,TCP,BLOCK,Block HTTPS
2025-12-15 22:21:15.116837,192.168.180.131,172.217.24.195,TCP,BLOCK,Block HTTP
2025-12-15 22:21:15.131549,192.168.180.131,142.251.10.119,TCP,BLOCK,Block HTTPS
2025-12-15 22:21:15.134531,192.168.180.131,172.217.24.195,TCP,BLOCK,Block HTTP
2025-12-15 22:21:15.142262,192.168.180.131,64.233.170.91,TCP,BLOCK,Block HTTPS
2025-12-15 22:21:15.191922,192.168.180.131,172.217.24.195,TCP,BLOCK,Block HTTP
2025-12-15 22:21:15.196291,192.168.180.131,142.251.43.138,TCP,BLOCK,Block HTTPS
2025-12-15 22:21:15.199439,192.168.180.131,142.251.43.138,TCP,BLOCK,Block HTTPS
2025-12-15 22:21:15.203509,192.168.180.131,172.217.24.195,TCP,BLOCK,Block HTTP
2025-12-15 22:21:15.215723,192.168.180.131,172.217.24.195,TCP,BLOCK,Block HTTP
2025-12-15 22:21:15.239770,192.168.180.131,172.217.24.195,TCP,BLOCK,Block HTTP
2025-12-15 22:21:15.242514,192.168.180.131,142.251.10.119,TCP,BLOCK,Block HTTPS
2025-12-15 22:21:15.245090,192.168.180.131,142.251.10.119,TCP,BLOCK,Block HTTPS
2025-12-15 22:21:15.307636,192.168.180.131,172.217.24.195,TCP,BLOCK,Block HTTP
2025-12-15 22:21:15.343765,192.168.180.131,142.251.43.138,TCP,BLOCK,Block HTTPS
2025-12-15 22:21:15.347304,192.168.180.131,142.251.43.138,TCP,BLOCK,Block HTTPS
2025-12-15 22:21:15.350726,192.168.180.131,142.251.10.119,TCP,BLOCK,Block HTTPS
2025-12-15 22:21:15.370137,192.168.180.131,142.251.10.119,TCP,BLOCK,Block HTTPS
2025-12-15 22:21:15.405770,192.168.180.131,142.251.43.138,TCP,BLOCK,Block HTTPS
2025-12-15 22:21:15.411005,192.168.180.131,142.251.43.138,TCP,BLOCK,Block HTTPS
2025-12-15 22:21:15.482247,192.168.180.131,142.251.10.119,TCP,BLOCK,Block HTTPS
2025-12-15 22:21:15.563936,192.168.180.131,142.251.43.138,TCP,BLOCK,Block HTTPS
2025-12-15 22:21:15.669726,192.168.180.131,142.251.12.84,TCP,BLOCK,Block HTTPS
2025-12-15 22:21:15.775825,192.168.180.131,142.251.12.84,TCP,BLOCK,Block HTTPS
2025-12-15 22:21:15.779072,192.168.180.131,142.251.12.84,TCP,BLOCK,Block HTTPS
2025-12-15 22:21:15.888152,192.168.180.131,142.251.12.84,TCP,BLOCK,Block HTTPS
2025-12-15 22:21:15.896506,192.168.180.131,142.251.12.84,TCP,BLOCK,Block HTTPS
2025-12-15 22:21:15.899150,192.168.180.131,172.217.24.195,TCP,BLOCK,Block HTTP
2025-12-15 22:21:15.995814,192.168.180.131,172.217.24.195,TCP,BLOCK,Block HTTP
2025-12-15 22:21:15.998199,192.168.180.131,142.251.12.84,TCP,BLOCK,Block HTTPS
2025-12-15 22:21:16.000829,192.168.180.131,142.251.12.84,TCP,BLOCK,Block HTTPS
2025-12-15 22:21:16.111246,192.168.180.131,142.251.12.84,TCP,BLOCK,Block HTTPS
2025-12-15 22:21:16.114279,192.168.180.131,142.251.12.84,TCP,BLOCK,Block HTTPS
2025-12-15 22:21:16.269843,192.168.180.131,142.251.12.84,TCP,BLOCK,Block HTTPS
2025-12-15 22:21:16.769761,192.168.180.131,142.251.223.2,TCP,BLOCK,Block HTTPS
2025-12-15 22:21:16.775958,192.168.180.131,142.251.220.106,TCP,BLOCK,Block HTTPS
2025-12-15 22:21:16.835933,192.168.180.131,142.251.223.2,TCP,BLOCK,Block HTTPS
2025-12-15 22:21:16.838904,192.168.180.131,142.251.223.2,TCP,BLOCK,Block HTTPS
2025-12-15 22:21:16.855814,192.168.180.131,142.251.220.106,TCP,BLOCK,Block HTTPS
2025-12-15 22:21:16.858976,192.168.180.131,142.251.220.106,TCP,BLOCK,Block HTTPS
2025-12-15 22:21:16.861117,192.168.180.131,142.251.220.106,TCP,BLOCK,Block HTTPS
2025-12-15 22:21:16.863214,192.168.180.131,142.251.220.106,TCP,BLOCK,Block HTTPS
2025-12-15 22:21:16.866145,192.168.180.131,172.217.24.195,TCP,BLOCK,Block HTTP
2025-12-15 22:21:16.931441,192.168.180.131,142.251.223.2,TCP,BLOCK,Block HTTPS
2025-12-15 22:21:16.958996,192.168.180.131,142.251.220.106,TCP,BLOCK,Block HTTPS
2025-12-15 22:21:16.963425,192.168.180.131,172.217.24.195,TCP,BLOCK,Block HTTP
2025-12-15 22:21:16.967458,192.168.180.131,142.251.220.106,TCP,BLOCK,Block HTTPS
2025-12-15 22:21:16.977990,192.168.180.131,142.251.220.106,TCP,BLOCK,Block HTTPS
2025-12-15 22:21:16.992343,192.168.180.131,172.217.24.195,TCP,BLOCK,Block HTTP
2025-12-15 22:21:17.014418,192.168.180.131,142.250.66.3,TCP,BLOCK,Block HTTPS
2025-12-15 22:21:17.054032,192.168.180.131,142.251.220.106,TCP,BLOCK,Block HTTPS
2025-12-15 22:21:17.057777,192.168.180.131,142.251.220.106,TCP,BLOCK,Block HTTPS
2025-12-15 22:21:17.061225,192.168.180.131,142.251.220.106,TCP,BLOCK,Block HTTPS
2025-12-15 22:21:17.063518,192.168.180.131,142.251.220.106,TCP,BLOCK,Block HTTPS
2025-12-15 22:21:17.091566,192.168.180.131,142.250.66.3,TCP,BLOCK,Block HTTPS
2025-12-15 22:21:17.094676,192.168.180.131,142.250.66.3,TCP,BLOCK,Block HTTPS
2025-12-15 22:21:17.099916,192.168.180.131,172.217.24.195,TCP,BLOCK,Block HTTP
2025-12-15 22:21:17.102678,192.168.180.131,142.251.223.2,TCP,BLOCK,Block HTTPS
2025-12-15 22:21:17.106009,192.168.180.131,142.251.223.2,TCP,BLOCK,Block HTTPS
2025-12-15 22:21:17.135841,192.168.180.131,142.251.220.106,TCP,BLOCK,Block HTTPS
2025-12-15 22:21:17.139090,192.168.180.131,172.217.24.195,TCP,BLOCK,Block HTTP
2025-12-15 22:21:17.175041,192.168.180.131,142.251.223.2,TCP,BLOCK,Block HTTPS
2025-12-15 22:21:17.178224,192.168.180.131,142.251.223.2,TCP,BLOCK,Block HTTPS
2025-12-15 22:21:17.190377,192.168.180.131,142.250.66.3,TCP,BLOCK,Block HTTPS
2025-12-15 22:21:17.197719,192.168.180.131,172.217.24.195,TCP,BLOCK,Block HTTP
2025-12-15 22:21:17.220439,192.168.180.131,142.250.4.91,TCP,BLOCK,Block HTTPS
2025-12-15 22:21:17.243191,192.168.180.131,172.217.24.195,TCP,BLOCK,Block HTTP
2025-12-15 22:21:17.289933,192.168.180.131,142.251.223.2,TCP,BLOCK,Block HTTPS
2025-12-15 22:21:17.306320,192.168.180.131,172.217.24.195,TCP,BLOCK,Block HTTP
2025-12-15 22:21:17.311470,192.168.180.131,142.250.66.3,TCP,BLOCK,Block HTTPS
2025-12-15 22:21:17.314302,192.168.180.131,142.250.66.3,TCP,BLOCK,Block HTTPS
2025-12-15 22:21:17.326553,192.168.180.131,142.250.4.91,TCP,BLOCK,Block HTTPS
2025-12-15 22:21:17.342327,192.168.180.131,142.250.4.91,TCP,BLOCK,Block HTTPS
2025-12-15 22:21:17.465083,192.168.180.131,142.250.4.91,TCP,BLOCK,Block HTTPS
2025-12-15 22:21:17.467965,192.168.180.131,142.250.4.91,TCP,BLOCK,Block HTTPS
2025-12-15 22:21:17.471681,192.168.180.131,142.250.4.91,TCP,BLOCK,Block HTTPS
2025-12-15 22:21:17.475168,192.168.180.131,142.250.66.3,TCP,BLOCK,Block HTTPS
2025-12-15 22:21:17.477752,192.168.180.131,142.250.66.3,TCP,BLOCK,Block HTTPS
2025-12-15 22:21:17.575193,192.168.180.131,142.250.4.91,TCP,BLOCK,Block HTTPS
2025-12-15 22:21:17.722214,192.168.180.131,142.250.4.91,TCP,BLOCK,Block HTTPS
2025-12-15 22:21:18.081717,192.168.180.131,142.250.183.166,TCP,BLOCK,Block HTTPS
2025-12-15 22:21:18.157033,192.168.180.131,142.250.183.166,TCP,BLOCK,Block HTTPS
2025-12-15 22:21:18.159298,192.168.180.131,142.250.183.166,TCP,BLOCK,Block HTTPS
2025-12-15 22:21:18.186515,192.168.180.131,172.217.24.195,TCP,BLOCK,Block HTTP
2025-12-15 22:21:18.258191,192.168.180.131,142.250.183.166,TCP,BLOCK,Block HTTPS
2025-12-15 22:21:18.263648,192.168.180.131,172.217.24.195,TCP,BLOCK,Block HTTP
2025-12-15 22:21:18.291885,192.168.180.131,172.217.24.195,TCP,BLOCK,Block HTTP
2025-12-15 22:21:18.373194,192.168.180.131,172.217.24.195,TCP,BLOCK,Block HTTP
2025-12-15 22:21:18.375999,192.168.180.131,142.250.183.166,TCP,BLOCK,Block HTTPS
2025-12-15 22:21:18.379068,192.168.180.131,142.250.183.166,TCP,BLOCK,Block HTTPS
2025-12-15 22:21:18.448784,192.168.180.131,142.250.183.166,TCP,BLOCK,Block HTTPS
2025-12-15 22:21:18.451240,192.168.180.131,142.250.183.166,TCP,BLOCK,Block HTTPS
2025-12-15 22:21:18.474120,192.168.180.131,172.217.24.195,TCP,BLOCK,Block HTTP
2025-12-15 22:21:18.566166,192.168.180.131,142.250.183.166,TCP,BLOCK,Block HTTPS
2025-12-15 22:21:18.617386,192.168.180.131,172.217.24.195,TCP,BLOCK,Block HTTP
2025-12-15 22:21:18.689101,192.168.180.131,172.217.24.195,TCP,BLOCK,Block HTTP
2025-12-15 22:21:19.498071,192.168.180.131,172.217.24.195,TCP,BLOCK,Block HTTP
2025-12-15 22:21:22.825847,192.168.180.131,172.217.24.195,TCP,BLOCK,Block HTTP
2025-12-15 22:21:23.082178,192.168.180.131,34.107.221.82,TCP,BLOCK,Block HTTP
2025-12-15 22:21:24.553949,192.168.180.131,172.217.24.195,TCP,BLOCK,Block HTTP
2025-12-15 22:21:25.578443,192.168.180.131,172.217.24.195,TCP,BLOCK,Block HTTP
2025-12-17 19:32:39.625578,192.168.180.131,34.36.137.203,TCP,BLOCK,Block HTTPS
2025-12-17 19:32:39.768003,192.168.180.131,34.36.137.203,TCP,BLOCK,Block HTTPS
2025-12-17 19:32:39.788906,192.168.180.131,34.36.137.203,TCP,BLOCK,Block HTTPS
2025-12-17 19:32:39.966229,192.168.180.131,34.36.137.203,TCP,BLOCK,Block HTTPS
2025-12-17 19:32:39.995640,192.168.180.131,34.36.137.203,TCP,BLOCK,Block HTTPS
2025-12-17 19:32:40.005493,192.168.180.131,34.36.137.203,TCP,BLOCK,Block HTTPS
2025-12-17 19:32:40.012233,192.168.180.131,34.36.137.203,TCP,BLOCK,Block HTTPS
2025-12-17 19:32:40.191535,192.168.180.131,34.36.137.203,TCP,BLOCK,Block HTTPS
2025-12-17 19:32:40.279071,192.168.180.131,34.36.137.203,TCP,BLOCK,Block HTTPS
2025-12-17 19:32:40.560188,192.168.180.131,34.36.137.203,TCP,BLOCK,Block HTTPS
2025-12-17 19:32:40.569141,192.168.180.131,34.36.137.203,TCP,BLOCK,Block HTTPS
2025-12-17 19:32:41.568518,192.168.180.131,34.107.221.82,TCP,BLOCK,Block HTTP
2025-12-17 19:32:41.607190,192.168.180.131,34.107.221.82,TCP,BLOCK,Block HTTP
2025-12-17 19:32:41.614197,192.168.180.131,34.107.221.82,TCP,BLOCK,Block HTTP
2025-12-17 19:32:41.650313,192.168.180.131,34.107.221.82,TCP,BLOCK,Block HTTP
2025-12-17 19:32:44.112430,192.168.180.131,44.224.219.125,TCP,BLOCK,Block HTTPS
2025-12-17 19:32:44.424315,192.168.180.131,44.224.219.125,TCP,BLOCK,Block HTTPS
2025-12-17 19:32:44.428465,192.168.180.131,44.224.219.125,TCP,BLOCK,Block HTTPS
2025-12-17 19:32:44.724246,192.168.180.131,44.224.219.125,TCP,BLOCK,Block HTTPS
2025-12-17 19:32:44.732599,192.168.180.131,44.224.219.125,TCP,BLOCK,Block HTTPS
2025-12-17 19:32:44.737534,192.168.180.131,44.224.219.125,TCP,BLOCK,Block HTTPS
2025-12-17 19:32:44.742226,192.168.180.131,44.224.219.125,TCP,BLOCK,Block HTTPS
2025-12-17 19:32:45.063164,192.168.180.131,44.224.219.125,TCP,BLOCK,Block HTTPS
2025-12-17 19:32:45.108269,192.168.180.131,44.224.219.125,TCP,BLOCK,Block HTTPS
2025-12-17 19:32:45.115216,192.168.180.131,44.224.219.125,TCP,BLOCK,Block HTTPS
2025-12-17 19:32:45.400368,192.168.180.131,44.224.219.125,TCP,BLOCK,Block HTTPS
2025-12-17 19:32:50.800342,192.168.180.131,34.36.137.203,TCP,BLOCK,Block HTTPS
2025-12-17 19:32:50.814068,192.168.180.131,34.107.221.82,TCP,BLOCK,Block HTTP
2025-12-17 19:32:50.819041,192.168.180.131,34.36.137.203,TCP,BLOCK,Block HTTPS
2025-12-17 19:32:50.824639,192.168.180.131,34.36.137.203,TCP,BLOCK,Block HTTPS
2025-12-17 19:32:50.968097,192.168.180.131,34.107.221.82,TCP,BLOCK,Block HTTP
2025-12-17 19:32:50.971769,192.168.180.131,34.36.137.203,TCP,BLOCK,Block HTTPS
2025-12-17 19:32:58.810746,192.168.180.131,34.107.221.82,TCP,BLOCK,Block HTTP
2025-12-17 19:32:59.051911,192.168.180.131,34.107.221.82,TCP,BLOCK,Block HTTP
2025-12-17 19:32:59.091310,192.168.180.131,34.107.221.82,TCP,BLOCK,Block HTTP
2025-12-17 19:32:59.095693,192.168.180.131,34.107.221.82,TCP,BLOCK,Block HTTP
2025-12-17 19:32:59.289423,192.168.180.131,34.107.221.82,TCP,BLOCK,Block HTTP
2025-12-17 19:32:59.294757,192.168.180.131,34.107.221.82,TCP,BLOCK,Block HTTP
2025-12-17 19:33:06.221732,192.168.180.131,34.107.221.82,TCP,BLOCK,Block HTTP
2025-12-17 19:33:06.560053,192.168.180.131,34.107.221.82,TCP,BLOCK,Block HTTP
2025-12-17 19:33:10.419850,192.168.180.131,34.107.221.82,TCP,BLOCK,Block HTTP
2025-12-17 19:33:11.451729,192.168.180.131,34.107.221.82,TCP,BLOCK,Block HTTP
2025-12-17 19:33:21.595749,192.168.180.131,34.107.221.82,TCP,BLOCK,Block HTTP
2025-12-17 19:33:24.384838,192.168.180.131,34.107.221.82,TCP,BLOCK,Block HTTP
2025-12-17 19:33:24.762385,192.168.180.131,34.107.221.82,TCP,BLOCK,Block HTTP
2025-12-17 19:33:25.734265,192.168.180.131,199.232.21.91,TCP,BLOCK,Block HTTPS
2025-12-17 19:33:26.004239,192.168.180.131,34.49.51.44,TCP,BLOCK,Block HTTPS
2025-12-17 19:33:26.007774,192.168.180.131,151.101.129.91,TCP,BLOCK,Block HTTPS
2025-12-17 19:33:26.047818,192.168.180.131,199.232.21.91,TCP,BLOCK,Block HTTPS
2025-12-17 19:33:26.053511,192.168.180.131,199.232.21.91,TCP,BLOCK,Block HTTPS
2025-12-17 19:33:26.146143,192.168.180.131,151.101.129.91,TCP,BLOCK,Block HTTPS
2025-12-17 19:33:26.151327,192.168.180.131,151.101.129.91,TCP,BLOCK,Block HTTPS
2025-12-17 19:33:26.155330,192.168.180.131,34.49.51.44,TCP,BLOCK,Block HTTPS
2025-12-17 19:33:26.159516,192.168.180.131,34.49.51.44,TCP,BLOCK,Block HTTPS
2025-12-17 19:33:26.163614,192.168.180.131,199.232.21.91,TCP,BLOCK,Block HTTPS
2025-12-17 19:33:26.169361,192.168.180.131,199.232.21.91,TCP,BLOCK,Block HTTPS
2025-12-17 19:33:26.184081,192.168.180.131,151.101.129.91,TCP,BLOCK,Block HTTPS
2025-12-17 19:33:26.188582,192.168.180.131,151.101.129.91,TCP,BLOCK,Block HTTPS
2025-12-17 19:33:26.197479,192.168.180.131,34.49.51.44,TCP,BLOCK,Block HTTPS
2025-12-17 19:33:26.201893,192.168.180.131,199.232.21.91,TCP,BLOCK,Block HTTPS
2025-12-17 19:33:26.206056,192.168.180.131,34.49.51.44,TCP,BLOCK,Block HTTPS
2025-12-17 19:33:26.209218,192.168.180.131,34.49.51.44,TCP,BLOCK,Block HTTPS
2025-12-17 19:33:26.213321,192.168.180.131,34.49.51.44,TCP,BLOCK,Block HTTPS
2025-12-17 19:33:26.217604,192.168.180.131,151.101.129.91,TCP,BLOCK,Block HTTPS
2025-12-17 19:33:26.545314,192.168.180.131,151.101.129.91,TCP,BLOCK,Block HTTPS
2025-12-17 19:33:26.549328,192.168.180.131,151.101.129.91,TCP,BLOCK,Block HTTPS
2025-12-17 19:33:26.552690,192.168.180.131,199.232.21.91,TCP,BLOCK,Block HTTPS
2025-12-17 19:33:26.556617,192.168.180.131,199.232.21.91,TCP,BLOCK,Block HTTPS
2025-12-17 19:33:26.561374,192.168.180.131,34.49.51.44,TCP,BLOCK,Block HTTPS
2025-12-17 19:33:26.564851,192.168.180.131,34.49.51.44,TCP,BLOCK,Block HTTPS
2025-12-17 19:33:26.798207,192.168.180.131,35.190.72.216,TCP,BLOCK,Block HTTPS
2025-12-17 19:33:26.857840,192.168.180.131,151.101.129.91,TCP,BLOCK,Block HTTPS
2025-12-17 19:33:26.862725,192.168.180.131,151.101.129.91,TCP,BLOCK,Block HTTPS
2025-12-17 19:33:26.867065,192.168.180.131,199.232.21.91,TCP,BLOCK,Block HTTPS
2025-12-17 19:33:26.870792,192.168.180.131,34.49.51.44,TCP,BLOCK,Block HTTPS
2025-12-17 19:33:26.892836,192.168.180.131,35.190.72.216,TCP,BLOCK,Block HTTPS
2025-12-17 19:33:26.896467,192.168.180.131,35.190.72.216,TCP,BLOCK,Block HTTPS
2025-12-17 19:33:26.999652,192.168.180.131,35.190.72.216,TCP,BLOCK,Block HTTPS
2025-12-17 19:33:27.009903,192.168.180.131,35.190.72.216,TCP,BLOCK,Block HTTPS
2025-12-17 19:33:27.013638,192.168.180.131,35.190.72.216,TCP,BLOCK,Block HTTPS
2025-12-17 19:33:27.017555,192.168.180.131,35.190.72.216,TCP,BLOCK,Block HTTPS
2025-12-17 19:33:27.068657,192.168.180.131,35.190.72.216,TCP,BLOCK,Block HTTPS
2025-12-17 19:33:27.073303,192.168.180.131,35.190.72.216,TCP,BLOCK,Block HTTPS
2025-12-17 19:33:27.120744,192.168.180.131,35.190.72.216,TCP,BLOCK,Block HTTPS
2025-12-17 19:33:33.820901,192.168.180.131,142.250.192.196,TCP,BLOCK,Block HTTPS
2025-12-17 19:33:34.160966,192.168.180.131,142.250.192.196,TCP,BLOCK,Block HTTPS
2025-12-17 19:33:34.167645,192.168.180.131,142.250.192.196,TCP,BLOCK,Block HTTPS
2025-12-17 19:33:34.427026,192.168.180.131,142.251.43.163,TCP,BLOCK,Block HTTP
2025-12-17 19:33:34.431283,192.168.180.131,142.251.43.163,TCP,BLOCK,Block HTTP
2025-12-17 19:33:34.456881,192.168.180.131,142.250.192.196,TCP,BLOCK,Block HTTPS
2025-12-17 19:33:34.754783,192.168.180.131,142.251.43.163,TCP,BLOCK,Block HTTP
2025-12-17 19:33:34.758233,192.168.180.131,142.251.43.163,TCP,BLOCK,Block HTTP
2025-12-17 19:33:34.908238,192.168.180.131,34.107.221.82,TCP,BLOCK,Block HTTP
2025-12-17 19:33:34.969099,192.168.180.131,142.250.192.196,TCP,BLOCK,Block HTTPS
2025-12-17 19:33:34.972397,192.168.180.131,142.250.192.196,TCP,BLOCK,Block HTTPS
2025-12-17 19:33:35.102067,192.168.180.131,142.250.192.196,TCP,BLOCK,Block HTTPS
2025-12-17 19:33:35.105622,192.168.180.131,142.250.192.196,TCP,BLOCK,Block HTTPS
2025-12-17 19:33:35.108821,192.168.180.131,142.250.192.196,TCP,BLOCK,Block HTTPS
2025-12-17 19:33:35.162145,192.168.180.131,142.250.192.196,TCP,BLOCK,Block HTTPS
2025-12-17 19:33:35.931412,192.168.180.131,34.107.221.82,TCP,BLOCK,Block HTTP
2025-12-17 19:33:41.304994,192.168.180.131,142.251.43.163,TCP,BLOCK,Block HTTP
2025-12-17 19:33:41.311171,192.168.180.131,142.251.43.163,TCP,BLOCK,Block HTTP
2025-12-17 19:33:41.370241,192.168.180.131,142.251.43.163,TCP,BLOCK,Block HTTP
2025-12-17 19:33:41.378920,192.168.180.131,142.251.43.163,TCP,BLOCK,Block HTTP
2025-12-17 19:33:47.373100,192.168.180.131,34.107.221.82,TCP,BLOCK,Block HTTP
2025-12-17 19:33:57.612545,192.168.180.131,34.107.221.82,TCP,BLOCK,Block HTTP
2025-12-17 19:45:23.947086,192.168.180.131,216.58.196.100,TCP,BLOCK,Block HTTPS
2025-12-17 19:45:24.151309,192.168.180.131,216.58.196.100,TCP,BLOCK,Block HTTPS
2025-12-17 19:45:24.155466,192.168.180.131,216.58.196.100,TCP,BLOCK,Block HTTPS
2025-12-17 19:45:24.448101,192.168.180.131,216.58.196.100,TCP,BLOCK,Block HTTPS
2025-12-17 19:45:24.702175,192.168.180.131,216.58.196.100,TCP,BLOCK,Block HTTPS
2025-12-17 19:45:25.004750,192.168.180.131,142.250.182.227,TCP,BLOCK,Block HTTP
2025-12-17 19:45:25.008518,192.168.180.131,142.250.182.227,TCP,BLOCK,Block HTTP
2025-12-17 19:45:25.047017,192.168.180.131,216.58.196.100,TCP,BLOCK,Block HTTPS
2025-12-17 19:45:25.342266,192.168.180.131,142.250.182.227,TCP,BLOCK,Block HTTP
2025-12-17 19:45:25.345952,192.168.180.131,142.250.182.227,TCP,BLOCK,Block HTTP
2025-12-17 19:45:26.289911,192.168.180.131,216.58.196.100,TCP,BLOCK,Block HTTPS
2025-12-17 19:45:26.634462,192.168.180.131,216.58.196.100,TCP,BLOCK,Block HTTPS
2025-12-17 19:45:26.639918,192.168.180.131,216.58.196.100,TCP,BLOCK,Block HTTPS
2025-12-17 19:45:26.931211,192.168.180.131,216.58.196.100,TCP,BLOCK,Block HTTPS
2025-12-17 19:45:26.937475,192.168.180.131,216.58.196.100,TCP,BLOCK,Block HTTPS
2025-12-17 19:45:26.943295,192.168.180.131,216.58.196.100,TCP,BLOCK,Block HTTPS
2025-12-17 19:45:27.034500,192.168.180.131,216.58.196.100,TCP,BLOCK,Block HTTPS
2025-12-17 19:45:27.039532,192.168.180.131,216.58.196.100,TCP,BLOCK,Block HTTPS
2025-12-17 19:45:27.073952,192.168.180.131,216.58.196.100,TCP,BLOCK,Block HTTPS
2025-12-17 19:45:30.586320,192.168.180.131,142.250.182.227,TCP,BLOCK,Block HTTP
2025-12-17 19:45:30.590825,192.168.180.131,142.250.182.227,TCP,BLOCK,Block HTTP
2025-12-17 19:45:30.644373,192.168.180.131,142.250.182.227,TCP,BLOCK,Block HTTP
2025-12-17 19:45:30.652475,192.168.180.131,142.250.182.227,TCP,BLOCK,Block HTTP
2025-12-17 19:58:34.478611,192.168.180.131,34.107.221.82,TCP,BLOCK,Block HTTP
2025-12-17 20:09:24.444667,192.168.180.131,34.36.137.203,TCP,BLOCK,Block HTTPS
2025-12-17 20:09:24.789911,192.168.180.131,34.36.137.203,TCP,BLOCK,Block HTTPS
2025-12-17 20:09:24.794676,192.168.180.131,34.36.137.203,TCP,BLOCK,Block HTTPS
2025-12-17 20:09:25.088717,192.168.180.131,34.36.137.203,TCP,BLOCK,Block HTTPS
2025-12-17 20:09:50.315217,192.168.180.131,34.107.221.82,TCP,BLOCK,Block HTTP
2025-12-17 20:09:50.565025,192.168.180.131,34.107.221.82,TCP,BLOCK,Block HTTP
2025-12-17 20:09:50.610396,192.168.180.131,34.107.221.82,TCP,BLOCK,Block HTTP
2025-12-17 20:09:50.615765,192.168.180.131,34.107.221.82,TCP,BLOCK,Block HTTP
2025-12-17 20:09:50.908571,192.168.180.131,34.107.221.82,TCP,BLOCK,Block HTTP
2025-12-17 20:09:50.912030,192.168.180.131,34.107.221.82,TCP,BLOCK,Block HTTP
2025-12-17 20:09:56.314782,192.168.180.131,34.107.221.82,TCP,BLOCK,Block HTTP
2025-12-17 20:09:56.751669,192.168.180.131,34.107.221.82,TCP,BLOCK,Block HTTP
2025-12-17 20:10:00.909657,192.168.180.131,34.107.221.82,TCP,BLOCK,Block HTTP
2025-12-17 20:10:01.917693,192.168.180.131,34.107.221.82,TCP,BLOCK,Block HTTP
2025-12-17 20:10:12.062275,192.168.180.131,34.107.221.82,TCP,BLOCK,Block HTTP
2025-12-17 20:10:22.301995,192.168.180.131,34.107.221.82,TCP,BLOCK,Block HTTP
2025-12-17 20:10:28.461431,192.168.180.131,34.107.221.82,TCP,BLOCK,Block HTTP
2025-12-17 20:10:28.777609,192.168.180.131,34.107.221.82,TCP,BLOCK,Block HTTP
2025-12-17 20:10:38.793587,192.168.180.131,34.107.221.82,TCP,BLOCK,Block HTTP
2025-12-17 20:10:39.813422,192.168.180.131,34.107.221.82,TCP,BLOCK,Block HTTP
2025-12-17 20:10:48.718106,192.168.180.131,142.250.183.232,TCP,BLOCK,Block HTTPS
2025-12-17 20:10:49.012687,192.168.180.131,104.17.24.14,TCP,BLOCK,Block HTTPS
2025-12-17 20:10:49.016405,192.168.180.131,142.250.183.10,TCP,BLOCK,Block HTTPS
2025-12-17 20:10:49.019597,192.168.180.131,142.250.183.10,TCP,BLOCK,Block HTTPS
2025-12-17 20:10:49.059379,192.168.180.131,142.250.183.232,TCP,BLOCK,Block HTTPS
2025-12-17 20:10:49.065233,192.168.180.131,142.250.183.232,TCP,BLOCK,Block HTTPS
2025-12-17 20:10:49.361332,192.168.180.131,104.17.24.14,TCP,BLOCK,Block HTTPS
2025-12-17 20:10:49.366227,192.168.180.131,142.250.183.10,TCP,BLOCK,Block HTTPS
2025-12-17 20:10:49.369809,192.168.180.131,142.250.183.232,TCP,BLOCK,Block HTTPS
2025-12-17 20:10:49.373420,192.168.180.131,142.250.183.10,TCP,BLOCK,Block HTTPS
2025-12-17 20:10:49.378183,192.168.180.131,142.250.183.10,TCP,BLOCK,Block HTTPS
2025-12-17 20:10:49.382869,192.168.180.131,104.17.24.14,TCP,BLOCK,Block HTTPS
2025-12-17 20:10:49.428521,192.168.180.131,142.250.183.10,TCP,BLOCK,Block HTTPS
2025-12-17 20:10:49.457866,192.168.180.131,142.250.183.10,TCP,BLOCK,Block HTTPS
2025-12-17 20:10:49.462907,192.168.180.131,104.17.24.14,TCP,BLOCK,Block HTTPS
2025-12-17 20:10:49.467799,192.168.180.131,142.250.183.10,TCP,BLOCK,Block HTTPS
2025-12-17 20:10:49.471951,192.168.180.131,142.250.183.10,TCP,BLOCK,Block HTTPS
2025-12-17 20:10:49.557586,192.168.180.131,142.250.183.10,TCP,BLOCK,Block HTTPS
2025-12-17 20:10:49.701280,192.168.180.131,142.250.183.232,TCP,BLOCK,Block HTTPS
2025-12-17 20:10:49.704891,192.168.180.131,142.250.183.232,TCP,BLOCK,Block HTTPS
2025-12-17 20:10:49.709594,192.168.180.131,104.17.24.14,TCP,BLOCK,Block HTTPS
2025-12-17 20:10:49.714853,192.168.180.131,104.17.24.14,TCP,BLOCK,Block HTTPS
2025-12-17 20:10:49.741335,192.168.180.131,104.17.24.14,TCP,BLOCK,Block HTTPS
2025-12-17 20:10:49.745188,192.168.180.131,104.17.24.14,TCP,BLOCK,Block HTTPS
2025-12-17 20:10:49.748668,192.168.180.131,104.17.24.14,TCP,BLOCK,Block HTTPS
2025-12-17 20:10:49.755019,192.168.180.131,142.250.183.232,TCP,BLOCK,Block HTTPS
2025-12-17 20:10:49.758683,192.168.180.131,142.250.183.232,TCP,BLOCK,Block HTTPS
2025-12-17 20:10:49.795253,192.168.180.131,104.17.24.14,TCP,BLOCK,Block HTTPS
2025-12-17 20:10:49.852926,192.168.180.131,142.250.183.232,TCP,BLOCK,Block HTTPS
2025-12-17 20:10:49.898547,192.168.180.131,142.250.183.10,TCP,BLOCK,Block HTTPS
2025-12-17 20:10:49.902301,192.168.180.131,142.250.183.10,TCP,BLOCK,Block HTTPS
2025-12-17 20:10:49.906655,192.168.180.131,142.250.183.232,TCP,BLOCK,Block HTTPS
2025-12-17 20:10:49.933393,192.168.180.131,142.250.183.10,TCP,BLOCK,Block HTTPS
2025-12-17 20:10:49.936909,192.168.180.131,142.250.183.10,TCP,BLOCK,Block HTTPS
2025-12-17 20:10:49.939984,192.168.180.131,142.250.183.10,TCP,BLOCK,Block HTTPS
2025-12-17 20:10:49.978226,192.168.180.131,142.250.183.10,TCP,BLOCK,Block HTTPS
2025-12-17 20:10:50.031548,192.168.180.131,142.250.183.10,TCP,BLOCK,Block HTTPS
2025-12-17 20:10:50.035498,192.168.180.131,142.250.183.10,TCP,BLOCK,Block HTTPS
2025-12-17 20:10:50.050056,192.168.180.131,142.250.183.232,TCP,BLOCK,Block HTTPS
2025-12-17 20:10:50.053974,192.168.180.131,142.250.183.232,TCP,BLOCK,Block HTTPS
2025-12-17 20:10:50.058850,192.168.180.131,34.107.221.82,TCP,BLOCK,Block HTTP
2025-12-17 20:10:50.065465,192.168.180.131,142.250.183.232,TCP,BLOCK,Block HTTPS
2025-12-17 20:10:50.069799,192.168.180.131,142.250.183.232,TCP,BLOCK,Block HTTPS
2025-12-17 20:10:50.076023,192.168.180.131,142.250.183.232,TCP,BLOCK,Block HTTPS
2025-12-17 20:10:50.081180,192.168.180.131,142.250.183.10,TCP,BLOCK,Block HTTPS
2025-12-17 20:10:50.084390,192.168.180.131,142.250.183.10,TCP,BLOCK,Block HTTPS
2025-12-17 20:10:50.087428,192.168.180.131,142.250.183.10,TCP,BLOCK,Block HTTPS
2025-12-17 20:10:50.091939,192.168.180.131,142.250.183.232,TCP,BLOCK,Block HTTPS
2025-12-17 20:10:50.108832,192.168.180.131,142.250.183.232,TCP,BLOCK,Block HTTPS
2025-12-17 20:10:50.122562,192.168.180.131,142.250.183.232,TCP,BLOCK,Block HTTPS
2025-12-17 20:10:50.129728,192.168.180.131,142.250.183.10,TCP,BLOCK,Block HTTPS
2025-12-17 20:10:50.134314,192.168.180.131,142.250.183.232,TCP,BLOCK,Block HTTPS
2025-12-17 20:10:50.137586,192.168.180.131,142.250.183.232,TCP,BLOCK,Block HTTPS
2025-12-17 20:10:50.141804,192.168.180.131,142.250.183.10,TCP,BLOCK,Block HTTPS
2025-12-17 20:10:50.181550,192.168.180.131,142.250.183.232,TCP,BLOCK,Block HTTPS
2025-12-17 20:10:50.188495,192.168.180.131,142.250.183.232,TCP,BLOCK,Block HTTPS
2025-12-17 20:10:50.192280,192.168.180.131,142.250.183.232,TCP,BLOCK,Block HTTPS
2025-12-17 20:10:50.197870,192.168.180.131,142.250.183.232,TCP,BLOCK,Block HTTPS
2025-12-17 20:10:50.202348,192.168.180.131,142.250.183.232,TCP,BLOCK,Block HTTPS
2025-12-17 20:10:50.207769,192.168.180.131,142.250.183.232,TCP,BLOCK,Block HTTPS
2025-12-17 20:10:50.212509,192.168.180.131,142.250.183.232,TCP,BLOCK,Block HTTPS
2025-12-17 20:10:50.220866,192.168.180.131,142.250.183.232,TCP,BLOCK,Block HTTPS
2025-12-17 20:10:50.224856,192.168.180.131,142.250.183.232,TCP,BLOCK,Block HTTPS
2025-12-17 20:10:50.231198,192.168.180.131,142.250.183.232,TCP,BLOCK,Block HTTPS
2025-12-17 20:10:50.235612,192.168.180.131,142.250.183.232,TCP,BLOCK,Block HTTPS
2025-12-17 20:10:50.239622,192.168.180.131,142.250.183.232,TCP,BLOCK,Block HTTPS
2025-12-17 20:10:50.243640,192.168.180.131,142.250.183.232,TCP,BLOCK,Block HTTPS
2025-12-17 20:10:50.253572,192.168.180.131,142.250.183.232,TCP,BLOCK,Block HTTPS
2025-12-17 20:10:50.260420,192.168.180.131,142.250.183.232,TCP,BLOCK,Block HTTPS
2025-12-17 20:10:50.265804,192.168.180.131,142.250.183.232,TCP,BLOCK,Block HTTPS
2025-12-17 20:10:50.270803,192.168.180.131,142.250.183.232,TCP,BLOCK,Block HTTPS
2025-12-17 20:10:50.275113,192.168.180.131,142.250.183.232,TCP,BLOCK,Block HTTPS
2025-12-17 20:10:50.280502,192.168.180.131,142.250.183.232,TCP,BLOCK,Block HTTPS
2025-12-17 20:10:50.286003,192.168.180.131,142.250.183.232,TCP,BLOCK,Block HTTPS
2025-12-17 20:10:50.290871,192.168.180.131,142.250.183.232,TCP,BLOCK,Block HTTPS
2025-12-17 20:10:50.297783,192.168.180.131,142.250.183.232,TCP,BLOCK,Block HTTPS
2025-12-17 20:10:50.302036,192.168.180.131,142.250.183.232,TCP,BLOCK,Block HTTPS
2025-12-17 20:10:50.305885,192.168.180.131,142.250.183.232,TCP,BLOCK,Block HTTPS
2025-12-17 20:10:50.311663,192.168.180.131,142.250.183.232,TCP,BLOCK,Block HTTPS
2025-12-17 20:10:50.316405,192.168.180.131,142.250.183.232,TCP,BLOCK,Block HTTPS
2025-12-17 20:10:50.320703,192.168.180.131,142.250.183.232,TCP,BLOCK,Block HTTPS
2025-12-17 20:10:50.324685,192.168.180.131,142.250.183.232,TCP,BLOCK,Block HTTPS
2025-12-17 20:10:50.329831,192.168.180.131,142.250.183.232,TCP,BLOCK,Block HTTPS
2025-12-17 20:10:50.334025,192.168.180.131,142.250.183.232,TCP,BLOCK,Block HTTPS
2025-12-17 20:10:50.337570,192.168.180.131,142.250.183.232,TCP,BLOCK,Block HTTPS
2025-12-17 20:10:50.341308,192.168.180.131,142.250.183.232,TCP,BLOCK,Block HTTPS
2025-12-17 20:10:50.345137,192.168.180.131,142.250.183.232,TCP,BLOCK,Block HTTPS
2025-12-17 20:10:50.356136,192.168.180.131,142.250.183.232,TCP,BLOCK,Block HTTPS
2025-12-17 20:11:01.272319,192.168.180.131,34.107.221.82,TCP,BLOCK,Block HTTP
2025-12-17 20:11:11.511634,192.168.180.131,34.107.221.82,TCP,BLOCK,Block HTTP
2025-12-17 20:11:21.751928,192.168.180.131,34.107.221.82,TCP,BLOCK,Block HTTP
2025-12-17 20:11:33.140353,192.168.180.131,34.107.221.82,TCP,BLOCK,Block HTTP
2025-12-17 20:11:43.379818,192.168.180.131,34.107.221.82,TCP,BLOCK,Block HTTP
